sequence_id,seq_length,domains_present,RVT_1_start,RVT_1_end,RVT_thumb_start,RVT_thumb_end,RVT_connect_start,RVT_connect_end,RNase_H_start,RNase_H_end,GIIM_start,GIIM_end
ZP_01533407.1_CRISPR,447,RVT_1+RVT_1+RVT_thumb,1,273,413,446,,,,,,
ZP_01425057.1_CRISPR,431,RVT_1,1,401,,,,,,,,
ZP_00766283.1_CRISPR,434,RVT_1+RVT_1,1,257,,,,,,,,
ZP_00588202.1_CRISPR,727,RVT_1+RVT_thumb+RVT_thumb+RVT_1+RVT_connect+RVT_thumb,1,280,457,678,430,456,,,,
YP_912490.1_CRISPR,731,RVT_1+RVT_thumb+RVT_1+RVT_connect+RVT_thumb+RVT_thumb,1,279,475,624,433,474,,,,
YP_001277327.1_CRISPR,444,RVT_1+RVT_1+RVT_thumb,1,268,415,444,,,,,,
AFY57343.1_CRISPR,320,RVT_1,1,275,,,,,,,,
ACV77640.1_CRISPR,311,RVT_1+RVT_thumb,34,179,180,226,,,,,,
ADE85031.1_CRISPR,533,RVT_1+RVT_thumb+RVT_thumb,1,161,279,464,,,,,,
ADE85032.1_CRISPR,176,RVT_1+RVT_1,75,109,,,,,,,,
ADN17996.1_CRISPR,671,RVT_1+RNase_H+RVT_thumb+RNase_H+RVT_thumb,1,271,489,627,,,408,441,,
ADZ89953.1_CRISPR,957,RVT_1+RVT_1+RVT_1+RVT_thumb+RVT_connect+RNase_H+RVT_thumb+RVT_connect,276,585,749,817,848,892,714,747,,
AFK55773.1_CRISPR,663,RVT_1+RVT_thumb+RVT_thumb,1,274,400,487,,,,,,
AFY33126.1_CRISPR,673,RVT_1+RVT_1+RVT_thumb+RNase_H+RVT_thumb+RVT_thumb+RVT_thumb,2,270,485,635,,,356,380,,
AFY99362.1_CRISPR,668,RVT_1+RVT_thumb+RVT_thumb+RVT_thumb,1,270,477,665,,,,,,
AFZ22158.1_CRISPR,667,RVT_1+RVT_thumb+RNase_H+RVT_thumb+RVT_thumb,1,271,382,623,,,356,379,,
AFZ61061.1_CRISPR,668,RVT_1+RVT_thumb+RVT_thumb,1,270,383,668,,,,,,
AGA89197.1_CRISPR,279,RVT_1,1,274,,,,,,,,
AGB49377.1_CRISPR,396,RVT_1+RVT_thumb,6,308,327,382,,,,,,
AKB21960.1_CRISPR,401,RVT_1+GIIM,5,299,,,,,,,318,390
AKB26318.1_CRISPR,422,RVT_1+GIIM,83,299,,,,,,,317,387
AKB36824.1_CRISPR,410,RVT_1+GIIM,14,316,,,,,,,364,400
AKB78445.1_CRISPR,377,RVT_1+RVT_thumb,2,283,310,368,,,,,,
BAK34153.1_CRISPR,625,RVT_1+RVT_thumb+RVT_thumb+RVT_thumb,1,276,369,482,,,,,,
BAU44853.1_CRISPR,575,RVT_1+RVT_1+RVT_thumb,2,116,322,532,,,,,,
CAJ74578.1_CRISPR,316,RVT_1,1,274,,,,,,,,
CBL28738.1_CRISPR,338,RVT_1+RVT_thumb,1,276,295,338,,,,,,
CDE54369.1_CRISPR,253,RVT_1,1,252,,,,,,,,
CRI67871.1_CRISPR,1015,RVT_1+RVT_thumb,405,614,770,839,,,,,,
CRL43259.1_CRISPR,633,RVT_1+RVT_thumb+RVT_thumb,1,276,348,628,,,,,,
CVI70780.1_CRISPR,635,RVT_1+RVT_thumb+RVT_thumb,1,279,354,630,,,,,,
EDM23124.1_CRISPR,377,RVT_1+RVT_thumb,1,259,260,368,,,,,,
EGV32680.1_CRISPR,288,RVT_1,2,270,,,,,,,,
EGZ44982.1_CRISPR,284,RVT_1,1,273,,,,,,,,
EJW09347.1_CRISPR,700,RVT_1+RVT_thumb+RVT_thumb,28,302,432,646,,,,,,
EJW09481.1_CRISPR,696,RVT_1+RVT_thumb+RVT_thumb,46,317,445,551,,,,,,
ENO18597.1_CRISPR,639,RVT_1+RVT_thumb+RVT_thumb,1,286,350,560,,,,,,
ESQ08042.1_CRISPR,985,RVT_1+RVT_thumb,321,587,737,840,,,,,,
ESQ15779.1_CRISPR,310,RVT_1,1,273,,,,,,,,
ESQ17084.1_CRISPR,810,RVT_1+RVT_thumb+RVT_thumb+RVT_thumb,222,441,591,697,,,,,,
ETR69258.1_CRISPR,549,RVT_1+RVT_thumb+RVT_connect,1,280,283,429,477,524,,,,
ETR73831.1_CRISPR,282,RVT_1,1,281,,,,,,,,
ETX03376.1_CRISPR,976,RVT_1+RVT_1+RVT_thumb+RVT_connect+RVT_thumb+RVT_thumb,250,549,725,863,671,716,,,,
KFB71594.1_CRISPR,880,RVT_1+RVT_thumb+RVT_thumb+RVT_thumb,322,536,630,750,,,,,,
KFB76584.1_CRISPR,660,RVT_1+RVT_thumb+RVT_thumb,2,287,408,522,,,,,,
KFZ44108.1_CRISPR,560,RVT_1+RVT_thumb+RVT_thumb+RVT_thumb,11,222,312,512,,,,,,
KHE91657.1_CRISPR,768,RVT_1+RVT_thumb+RVT_thumb,1,285,514,712,,,,,,
KJR40057.1_CRISPR,930,RVT_1+RVT_thumb+RVT_thumb,374,581,694,785,,,,,,
KKO17867.1_CRISPR,649,RVT_1+RVT_thumb+RVT_thumb,13,267,270,462,,,,,,
KKO19838.1_CRISPR,688,RVT_1+RVT_thumb+RVT_thumb,109,350,412,648,,,,,,
KPA10619.1_CRISPR,768,RVT_1+RVT_thumb+RVT_connect+RVT_thumb,1,282,523,715,436,522,,,,
KPA15875.1_CRISPR,282,RVT_1,1,272,,,,,,,,
KPQ33062.1_CRISPR,656,RVT_1+RVT_thumb+RVT_thumb,1,269,394,655,,,,,,
KUI97421.1_CRISPR,928,RNase_H+RVT_connect+RVT_1+RVT_connect+RVT_connect+RNase_H+RVT_thumb+RVT_thumb,262,564,715,780,639,676,105,155,,
KXK58998.1_CRISPR,558,RVT_1+RVT_thumb+RVT_thumb+RVT_thumb,6,212,306,412,,,,,,
KYC43938.1_CRISPR,673,RVT_1+RVT_thumb+RVT_thumb,1,271,405,673,,,,,,
WP_005873073.1_CRISPR,731,RVT_1+RVT_thumb+RVT_thumb,1,273,454,730,,,,,,
WP_006063846.1_CRISPR,630,RVT_1+RVT_thumb+RVT_thumb,1,276,374,521,,,,,,
WP_006515493.1_CRISPR,620,RVT_1+RVT_thumb+RVT_connect+RVT_thumb,1,204,358,576,309,357,,,,
WP_007220853.1_CRISPR,771,RVT_1+RVT_thumb+RVT_thumb+RVT_1+RVT_thumb,1,285,516,688,,,,,,
WP_007355619.1_CRISPR,667,RVT_1+RVT_thumb+RVT_thumb,1,271,382,667,,,,,,
WP_007469744.1_CRISPR,916,RVT_1+RVT_1+RVT_connect+RNase_H+RNase_H+RVT_connect,274,561,,,582,679,715,756,,
WP_007481073.1_CRISPR,757,RVT_1+RVT_thumb+RVT_thumb+RVT_connect+RVT_thumb,1,278,511,704,480,510,,,,
WP_008312855.1_CRISPR,659,RVT_1+RVT_thumb+RVT_thumb,1,269,398,615,,,,,,
WP_008751399.1_CRISPR,639,RVT_1+RVT_thumb+RVT_thumb,1,280,353,633,,,,,,
WP_009855610.1_CRISPR,675,RVT_1+RVT_thumb+RVT_thumb,6,268,417,621,,,,,,
WP_010995638.1_CRISPR,668,RVT_1+RVT_thumb+RVT_thumb,1,270,381,667,,,,,,
WP_011152750.1_CRISPR,690,RVT_1+RVT_connect+RVT_thumb+RVT_connect,1,275,449,549,355,448,,,,
WP_012599795.1_CRISPR,309,RVT_1,1,277,,,,,,,,
WP_012910084.1_CRISPR,942,RVT_1+RVT_connect+RVT_thumb+RVT_thumb,364,565,701,798,632,667,,,,
WP_012973664.1_CRISPR,665,RVT_1+RVT_thumb+RVT_thumb,1,277,405,605,,,,,,
WP_013258512.1_CRISPR,655,RVT_1+RVT_thumb+RVT_thumb+RVT_thumb,1,272,393,514,,,,,,
WP_013706262.1_CRISPR,319,RVT_1+RVT_thumb,1,274,291,312,,,,,,
WP_013707702.1_CRISPR,880,RVT_1+RVT_thumb+RVT_1+RVT_thumb,1,284,629,812,,,,,,
WP_014188713.1_CRISPR,672,RVT_1+RVT_thumb+RVT_thumb+RVT_thumb,2,277,417,571,,,,,,
WP_014275551.1_CRISPR,599,RVT_1+RVT_thumb+RVT_thumb+RVT_thumb,5,211,313,556,,,,,,
WP_015201683.1_CRISPR,347,RVT_1,1,295,,,,,,,,
WP_015334627.1_CRISPR,875,RVT_1+RVT_thumb,256,528,529,824,,,,,,
WP_015817555.1_CRISPR,673,RVT_1+RVT_thumb,340,605,644,671,,,,,,
WP_017302244.1_CRISPR,701,RVT_1+RVT_connect+RVT_thumb+RVT_thumb,1,277,452,590,410,451,,,,
WP_017559367.1_CRISPR,608,RVT_1+RVT_thumb+RVT_thumb,48,260,352,558,,,,,,
WP_018158292.1_CRISPR,293,RVT_1+RVT_1,65,273,,,,,,,,
WP_018870803.1_CRISPR,285,RVT_1,3,273,,,,,,,,
WP_019606016.1_CRISPR,1014,RVT_1+RVT_1+RVT_thumb+RVT_thumb,321,616,774,870,,,,,,
WP_019672870.1_CRISPR,1002,RVT_connect+RVT_1+RVT_connect+RVT_thumb+RVT_thumb+RVT_connect+RVT_thumb+RVT_connect,331,623,802,845,658,735,,,,
WP_019956891.1_CRISPR,647,RVT_1+RVT_thumb+RVT_thumb,1,276,397,501,,,,,,
WP_019960649.1_CRISPR,653,RVT_1+RVT_thumb+RVT_thumb+RVT_thumb+RVT_thumb,1,270,403,505,,,,,,
WP_020380191.1_CRISPR,310,RVT_1+RVT_thumb,2,147,163,196,,,,,,
WP_021087740.1_CRISPR,731,RVT_1+RVT_thumb+RVT_1+RVT_thumb,1,274,454,731,,,,,,
WP_024971209.1_CRISPR,658,RVT_1+RVT_thumb+RVT_thumb+RVT_thumb,1,269,371,614,,,,,,
WP_025270209.1_CRISPR,704,RVT_1+RVT_thumb+RVT_thumb,16,254,432,704,,,,,,
WP_027150711.1_CRISPR,692,RVT_1+RVT_connect+RVT_thumb,1,278,433,642,401,432,,,,
WP_027180402.1_CRISPR,874,RVT_1+RVT_thumb+RVT_thumb,279,527,583,823,,,,,,
WP_028302067.1_CRISPR,938,RVT_1+RVT_connect+RNase_H+RVT_thumb+RVT_connect+RVT_connect,294,575,724,781,611,682,703,722,,
WP_028490526.1_CRISPR,275,RVT_1,1,274,,,,,,,,
WP_028883449.1_CRISPR,965,RVT_connect+RVT_1+RVT_connect+RVT_thumb,314,602,744,810,637,715,,,,
WP_029630506.1_CRISPR,669,RVT_1+RVT_thumb+RVT_thumb,1,271,383,669,,,,,,
WP_030008160.1_CRISPR,703,RVT_1+RVT_connect+RVT_thumb,1,284,457,658,391,456,,,,
WP_032556864.1_CRISPR,756,RVT_1+RVT_thumb+RVT_thumb+RVT_connect+RVT_thumb,1,278,510,703,455,509,,,,
WP_035075942.1_CRISPR,274,RVT_1,1,273,,,,,,,,
WP_036885018.1_CRISPR,1030,RVT_1+RVT_1+RVT_1+RVT_thumb+RVT_connect+RVT_connect+RVT_thumb,251,561,794,976,719,793,,,,
WP_038137810.1_CRISPR,981,RVT_1+RVT_connect+RVT_1+RNase_H+RVT_connect+RNase_H+RNase_H+RVT_thumb+RVT_connect+RVT_connect+RVT_connect,298,593,801,823,641,741,618,640,,
WP_038188758.1_CRISPR,936,RVT_1+RVT_1+RNase_H+RVT_connect+RNase_H+RVT_thumb+RVT_thumb+RVT_thumb,289,574,840,887,643,703,592,616,,
WP_038884984.1_CRISPR,690,RVT_1+RVT_connect+RVT_connect+RVT_thumb+RVT_connect,1,275,450,549,573,622,,,,
WP_039443024.1_CRISPR,1032,RVT_1+RVT_1+RVT_1+RVT_thumb+RVT_connect+RVT_thumb+RVT_thumb,290,560,561,720,721,783,,,,
WP_041039832.1_CRISPR,668,RVT_1+RVT_thumb+RVT_thumb+RVT_thumb,2,270,478,667,,,,,,
WP_042734856.1_CRISPR,259,RVT_1,1,258,,,,,,,,
WP_044413451.1_CRISPR,283,RVT_1,1,279,,,,,,,,
WP_044448019.1_CRISPR,668,RVT_1+RVT_thumb+RNase_H+RVT_thumb,3,270,381,668,,,358,378,,
WP_046007427.1_CRISPR,683,RVT_1+RVT_connect+RVT_thumb+RNase_H+RVT_thumb+RVT_connect,1,278,510,569,367,440,483,508,,
WP_046996094.1_CRISPR,743,RVT_1+RVT_thumb+RVT_1+RVT_thumb+RVT_thumb,1,277,520,743,,,,,,
WP_047875592.1_CRISPR,953,RVT_1+RVT_connect+RVT_1+RVT_connect+RNase_H+RNase_H+RVT_thumb+RVT_connect+RVT_thumb,300,589,868,906,631,706,756,782,,
WP_048398883.1_CRISPR,281,RVT_1,1,275,,,,,,,,
WP_049779315.1_CRISPR,297,RVT_1,1,291,,,,,,,,
WP_051209229.1_CRISPR,543,RVT_1+RVT_thumb+RVT_thumb+RVT_thumb,1,195,257,400,,,,,,
WP_051592781.1_CRISPR,647,RVT_1+RVT_thumb+RVT_thumb+RVT_thumb,1,289,401,641,,,,,,
WP_052104813.1_CRISPR,618,RVT_1+RVT_thumb+RVT_thumb,1,268,364,570,,,,,,
WP_052396493.1_CRISPR,624,RVT_1+RVT_thumb+RVT_thumb,1,278,370,574,,,,,,
WP_052565451.1_CRISPR,330,RVT_1+RVT_thumb,1,232,233,277,,,,,,
WP_052914180.1_CRISPR,623,RVT_1+RVT_thumb+RVT_thumb+RVT_connect+RVT_thumb,1,277,373,476,513,534,,,,
WP_053587381.1_CRISPR,712,RVT_1+RVT_thumb+RVT_thumb,87,360,422,660,,,,,,
WP_055043549.1_CRISPR,938,RVT_1+RVT_1+RNase_H+RVT_connect+RVT_1+RNase_H+RVT_connect+RNase_H+RVT_thumb+RVT_thumb,277,575,772,830,642,698,699,770,,
WP_060836241.1_CRISPR,661,RVT_1+RVT_thumb+RVT_thumb,1,283,399,518,,,,,,
WP_062763150.1_CRISPR,610,RVT_1+RVT_1+RVT_thumb+RVT_thumb,3,173,348,456,,,,,,
WP_075539949.1_CRISPR,732,RVT_1+RVT_thumb+RVT_thumb+RVT_connect+RVT_connect+RVT_thumb,1,273,511,680,473,501,,,,
WP_081798861.1_CRISPR,287,RVT_1,1,275,,,,,,,,
WP_082674220.1_CRISPR,309,RVT_1,1,273,,,,,,,,
A.v.I1|CL1|IIB1|Azotobacter_GII,564,RVT_1+GIIM,113,330,,,,,,,346,424
A.v.I2|Bacterial_GII,456,RVT_1+GIIM,111,316,,,,,,,334,410
A.v.I3|CL1|IIB1|Azotobacter_GII,506,RVT_1+GIIM,119,335,,,,,,,351,433
Ac.ca.I1|Bacterial_GII,463,RVT_1+GIIM,114,321,,,,,,,337,415
Act.pt.I1|Bacterial_GII,444,RVT_1+GIIM,6,300,,,,,,,313,390
Acv.sp.I1|Bacterial_GII,474,RVT_1+GIIM,119,325,,,,,,,341,419
Acy.ma.I1|Bacterial_GII,433,RVT_1+RVT_1+RVT_thumb+GIIM,86,315,337,381,,,,,383,410
Ag.r.I1|CL1|IIB1|Agrobacterium_GII,498,RVT_1+GIIM,117,332,,,,,,,348,426
Ag.ra.I1|Bacterial_GII,420,RVT_1+GIIM,68,287,,,,,,,313,390
Al.ma.I1|Bacterial_GII,424,RVT_1+GIIM,1,280,,,,,,,292,369
Alc.vi.I1|Bacterial_GII,456,RVT_1+GIIM,112,317,,,,,,,334,410
Alk.or.I1|Bacterial_GII,422,RVT_1+RVT_thumb,1,280,293,399,,,,,,
Als.sh.I1|CL1|IIB1|Alistipes_GII,559,RVT_1+GIIM,115,332,,,,,,,348,426
Als.sh.I2|CL1|IIB1|Alistipes_GII,554,RVT_1+GIIM,114,331,,,,,,,347,425
Als.sh.I3|ML|IIA1|Alistipes_GII,602,RVT_1+RVT_thumb+RVT_connect,1,368,369,521,522,601,,,,
Alx.bo.I1|CL1|IIB1|Alcanivorax_GII,553,RVT_1+GIIM,112,329,,,,,,,345,423
An.pr.I1|CL1|IIB1|Anaerococcus_GII,557,RVT_1+GIIM,110,328,,,,,,,344,422
An.v.I1|CL2|IIB2|Anabaena_GII,598,RVT_1+RVT_1+RVT_thumb,124,351,361,461,,,,,,
B.a.I1|CL1|IIB1|Bacillus_GII,603,RVT_1+GIIM,116,336,,,,,,,356,434
B.a.I2|Bacterial_GII,644,RVT_1+RVT_thumb+RVT_connect+RVT_thumb,106,355,356,518,596,621,,,,
B.c.I1|CL1|IIB1|Bacillus_GII,549,RVT_1+GIIM,111,333,,,,,,,353,431
B.c.I10|Bacterial_GII,611,RVT_1+RVT_1+RVT_thumb+RVT_connect+RVT_thumb,84,338,339,493,563,586,,,,
B.c.I11|Bacterial_GII,600,RVT_1+RVT_thumb+RVT_connect+RVT_thumb,100,338,339,467,551,577,,,,
B.c.I12|ML|IIA1|Bacillus_GII,605,RVT_1+RVT_1+RVT_thumb+RVT_connect,1,265,373,519,520,604,,,,
B.c.I14|ML|IIA1|Bacillus_GII,613,RVT_1+RVT_thumb+RVT_connect,1,379,380,529,530,612,,,,
B.c.I15|ML|IIA1|Bacillus_GII,606,RVT_1+RVT_1+RVT_thumb+RVT_connect,1,266,373,520,521,605,,,,
B.c.I16|Bacterial_GII,625,RVT_1+RVT_thumb+RVT_connect,21,343,344,488,520,551,,,,
B.c.I3|Bacterial_GII,605,RVT_1+RVT_thumb+RVT_connect+RVT_thumb,97,335,336,460,556,583,,,,
B.c.I4|Bacterial_GII,628,RVT_1+RVT_thumb+RVT_connect+RVT_thumb,106,358,359,501,563,607,,,,
B.c.I5|Bacterial_GII,633,RVT_1+RVT_thumb,8,347,348,489,,,,,,
B.c.I6|Bacterial_GII,644,RVT_1+RVT_thumb+RVT_connect+RVT_thumb,107,356,357,520,530,621,,,,
B.c.I7a|Bacterial_GII,600,RVT_1+RVT_thumb+RVT_thumb+RVT_connect+RVT_thumb,63,333,334,476,554,578,,,,
B.c.I8|ML|IIA1|Bacillus_GII,544,RVT_1+RVT_thumb,1,376,377,522,,,,,,
B.h.I1|Bacterial_GII,419,RVT_1+GIIM,1,271,,,,,,,287,365
B.me.I1|Bacterial_GII,589,RVT_1+RVT_thumb,99,338,339,472,,,,,,
B.me.I2|CL1|IIB1|Bacillus_GII,550,RVT_1+GIIM,116,338,,,,,,,358,436
B.me.I3|Bacterial_GII,644,RVT_1+RVT_thumb+RVT_connect+RVT_thumb,106,355,356,518,579,619,,,,
B.my.I1|Bacterial_GII,621,RVT_1+RVT_thumb+RVT_thumb,97,335,346,442,,,,,,
B.pf.I1|Bacterial_GII,625,RVT_1+RVT_1+RVT_thumb,97,346,347,508,,,,,,
B.pf.I2|Bacterial_GII,599,RVT_1+RVT_thumb+RVT_connect+RVT_thumb,99,337,338,466,552,574,,,,
B.sp.I1|Bacterial_GII,419,RVT_1+GIIM,1,277,,,,,,,293,370
B.sp.I2|Bacterial_GII,605,RVT_1+RVT_thumb,4,329,330,476,,,,,,
B.th.I1|Bacterial_GII,602,RVT_1+RVT_1+RVT_thumb+RVT_connect,95,332,336,464,538,602,,,,
B.th.I3|Bacterial_GII,444,RVT_1+RVT_thumb,13,317,324,409,,,,,,
B.th.I5|Bacterial_GII,622,RVT_1+RVT_thumb+RVT_connect,99,337,346,486,516,545,,,,
B.th.I7|Bacterial_GII,599,RVT_1+RVT_thumb+RVT_thumb,97,333,334,460,,,,,,
Ba.fr.I1|ML|IIA1|Bacteroides_GII,600,RVT_1+RVT_thumb+RVT_connect,1,367,368,520,521,600,,,,
Ba.t.I1|CL1|IIB1|Bacteroides_GII,553,RVT_1+GIIM,114,332,,,,,,,348,426
Ba.t.I2|ML|IIA1|Bacteroides_GII,608,RVT_1+RVT_thumb+RVT_connect,1,368,369,522,523,607,,,,
Ba.t.I3|Bacterial_GII,469,RVT_1+RVT_thumb,25,321,334,469,,,,,,
Ba.t.I4|Bacterial_GII,431,RVT_1+GIIM,70,289,,,,,,,315,392
Ba.vu.I1|CL1|IIB1|Bacteroides_GII,552,RVT_1+GIIM,115,332,,,,,,,350,427
Bo.pe.I1|ML|IIA1|Bordetella_GII,607,RVT_1+RVT_thumb+RVT_connect,3,374,375,523,524,595,,,,
Br.j.I1|Bacterial_GII,415,RVT_1+GIIM,67,286,,,,,,,312,389
Br.j.I2|Bacterial_GII,492,RVT_1+GIIM,136,366,,,,,,,389,465
Br.sp.I1|Bacterial_GII,456,RVT_1+GIIM,109,315,,,,,,,332,408
Brb.br.I1|Bacterial_GII,418,RVT_1+GIIM,1,270,,,,,,,286,364
Bu.ce.I1|Bacterial_GII,456,RVT_1+GIIM,111,317,,,,,,,334,410
Bu.ce.I2|Bacterial_GII,511,RVT_1+GIIM,137,367,,,,,,,389,467
Bu.f.I2|Bacterial_GII,456,RVT_1+GIIM,111,317,,,,,,,334,410
Bu.vi.I1|Bacterial_GII,457,RVT_1+GIIM,112,318,,,,,,,335,411
Bu.vi.I2|Bacterial_GII,457,RVT_1+GIIM,109,316,,,,,,,332,409
By.fi.I1|Bacterial_GII,626,RVT_1+RVT_thumb,91,350,351,478,,,,,,
c-Acb.ph.I1|Bacterial_GII,465,RVT_1+GIIM,110,316,,,,,,,332,410
c-Ku.st.I1|Bacterial_GII,433,RVT_1+GIIM,24,321,,,,,,,346,418
c-Mb.ox.I1|Bacterial_GII,446,RVT_1+GIIM,93,301,,,,,,,315,391
C.a.I1|Bacterial_GII,471,RVT_1+RVT_1+RVT_thumb+GIIM,116,324,341,394,,,,,396,418
C.be.I3|Bacterial_GII,434,RVT_1+RVT_thumb,1,316,322,414,,,,,,
C.bo.I1|Bacterial_GII,627,RVT_1+RVT_1+RVT_thumb+RVT_connect,110,361,365,513,514,611,,,,
C.bo.I2|CL1|IIB1|Clostridium_GII,567,RVT_1+RVT_thumb,80,299,314,396,,,,,,
C.bo.I3|CL1|IIB1|Clostridium_GII,608,RVT_1+RVT_thumb+GIIM,118,339,358,414,,,,,416,436
C.ce.I1|Bacterial_GII,621,RVT_1+RVT_thumb+RVT_connect,101,351,352,503,575,602,,,,
C.cf.I1|ML|IIA1|Clostridium_GII,611,RVT_1+RVT_1+RVT_thumb+RVT_connect,1,250,372,528,529,610,,,,
C.d.I2|Bacterial_GII,592,RVT_1+RVT_thumb+RVT_connect,85,324,328,467,530,577,,,,
C.d.I3|Bacterial_GII,653,RVT_1+RVT_thumb+RVT_connect,112,361,366,503,591,617,,,,
C.kl.I1|Bacterial_GII,607,RVT_1+RVT_thumb+RVT_thumb,106,343,344,485,,,,,,
C.pe.I1|Bacterial_GII,644,RVT_1+RVT_thumb+RVT_connect+RVT_thumb,108,359,360,504,584,606,,,,
Cc.w.I1|CL2|IIB2|Crocosphaera_GII,597,RVT_1+GIIM,109,342,,,,,,,376,451
Cc.w.I5|CL2|IIB2|Crocosphaera_GII,579,RVT_1+GIIM,110,343,,,,,,,375,451
Cc.w.I7|CL2|IIB2|Crocosphaera_GII,504,RVT_1+RVT_thumb,109,313,314,399,,,,,,
Cev.ja.I1|Bacterial_GII,403,RVT_1+GIIM,65,283,,,,,,,310,385
Ch.lu.I1|CL1|IIB1|Chlorobium_GII,496,RVT_1+GIIM,110,324,,,,,,,340,418
Ch.ph.I1|CL1|IIB1|Chlorobium_GII,496,RVT_1+GIIM,111,324,,,,,,,340,418
Ci.ro.I2|ML|IIA1|Citrobacter_GII,627,RVT_1+RVT_thumb+RVT_connect,89,383,384,537,538,626,,,,
Cu.me.I1|CL1|IIB1|Cupriavidus_GII,564,RVT_1+GIIM,112,329,,,,,,,345,423
Cu.me.I2|CL1|IIB1|Cupriavidus_GII,572,RVT_1+GIIM,115,332,,,,,,,348,426
Cu.ta.I1|Bacterial_GII,466,RVT_1+GIIM,111,318,,,,,,,333,411
Cu.ta.I2|Bacterial_GII,510,RVT_1+GIIM,156,386,,,,,,,409,486
Cx.sp.I1|CL2|IIB2|Calothrix_GII,585,RVT_1+RVT_thumb,108,336,351,448,,,,,,
D.h.I1|ML|IIA1|Desulfitobacterium_GII,601,RVT_1+RVT_thumb+RVT_1+RVT_thumb+RVT_connect,1,246,376,525,526,601,,,,
D.h.I2|ML|IIA1|Desulfitobacterium_GII,608,RVT_1+RVT_thumb+RVT_1+RVT_thumb+RVT_connect,1,248,375,524,525,607,,,,
D.h.I3|Bacterial_GII,470,RVT_1+GIIM,34,324,,,,,,,341,418
D.h.I4|Bacterial_GII,472,RVT_1+GIIM,36,324,,,,,,,341,418
D.h.I5|ML|IIA1|Desulfitobacterium_GII,592,RVT_1+RVT_thumb+RVT_connect,1,358,367,502,508,541,,,,
D.h.I6|Bacterial_GII,470,RVT_1+RVT_thumb+GIIM,34,324,341,394,,,,,396,418
D.h.I7|ML|IIA1|Desulfitobacterium_GII,606,RVT_1+RVT_thumb+RVT_connect,1,366,367,522,523,605,,,,
Dch.a.I1|Bacterial_GII,444,RVT_1+GIIM,97,319,,,,,,,342,413
Dh.re.I2|Bacterial_GII,467,RVT_1+GIIM,112,318,,,,,,,334,412
Di.ze.I1|Bacterial_GII,451,RVT_1+GIIM,107,313,,,,,,,329,406
Dsf.p.I1|Bacterial_GII,440,RVT_1+GIIM,1,281,,,,,,,294,371
E.c.I10|Bacterial_GII,463,RVT_1+GIIM,110,316,,,,,,,332,409
E.c.I11|ML|IIA1|Escherichia_GII,634,RVT_1+RVT_thumb+RVT_connect,1,373,374,523,524,574,,,,
E.c.I2|Bacterial_GII,417,RVT_1+GIIM,68,287,,,,,,,314,391
E.c.I3|Bacterial_GII,411,RVT_1+RVT_thumb,67,286,292,382,,,,,,
E.c.I5|CL1|IIB1|Escherichia_GII,575,RVT_1+GIIM,114,332,,,,,,,348,426
E.c.I7|Bacterial_GII,452,RVT_1+RVT_thumb,5,307,319,408,,,,,,
E.c.I8|CL1|IIB1|Escherichia_GII,556,RVT_1+RVT_thumb,111,327,341,448,,,,,,
En.f.I3|Bacterial_GII,629,RVT_1+RVT_thumb+RVT_thumb,110,361,362,506,,,,,,
En.fm.I1|Bacterial_GII,637,RVT_1+RVT_thumb+RVT_connect,110,358,363,509,588,633,,,,
En.fm.I2|Bacterial_GII,609,RVT_1+RVT_thumb,100,336,337,475,,,,,,
En.fm.I3|Bacterial_GII,629,RVT_1+RVT_thumb+RVT_connect+RVT_thumb,105,356,357,503,583,606,,,,
En.fm.I4|Bacterial_GII,639,RVT_1+RVT_thumb+RVT_connect+RVT_thumb,112,363,364,510,595,617,,,,
Eu.cy.I1|Bacterial_GII,636,RVT_1+RVT_thumb+RVT_thumb,109,359,364,489,,,,,,
Eu.re.I1|CL1|IIB1|Eubacterium_GII,555,RVT_1+GIIM,111,329,,,,,,,345,423
Eu.re.I2|Bacterial_GII,428,RVT_1+RVT_thumb,1,281,282,428,,,,,,
Eu.re.I3|Bacterial_GII,465,RVT_1+GIIM,105,316,,,,,,,333,409
Eu.si.I1|Bacterial_GII,658,RVT_1+RVT_thumb,112,359,364,496,,,,,,
Fa.pr.I2|Bacterial_GII,432,RVT_1+RVT_thumb,1,316,323,415,,,,,,
Fl.jo.I1|Bacterial_GII,473,RVT_1+RVT_thumb+GIIM,17,324,341,391,,,,,393,418
Fr.sp.I2|ML|IIA1|Frankia_GII,594,RVT_1+RVT_thumb+RVT_connect,1,356,361,502,503,566,,,,
Fr.sp.I4|Bacterial_GII,488,RVT_1+GIIM,134,364,,,,,,,386,458
Fr.sp.I5|Bacterial_GII,418,RVT_1+GIIM,72,293,,,,,,,320,396
G.v.I1|CL2|IIB2|Gloeobacter_GII,594,RVT_1+GIIM,100,313,,,,,,,345,423
Gb.k.I2|Bacterial_GII,420,RVT_1+GIIM,1,272,,,,,,,288,366
Gb.sp.I1|Bacterial_GII,421,RVT_1+GIIM,1,273,,,,,,,288,366
Ge.s.I1|Bacterial_GII,435,RVT_1+GIIM,1,287,,,,,,,301,376
Ge.ur.I2|Bacterial_GII,468,RVT_1+GIIM,113,319,,,,,,,336,413
H.s.I1|CL1|IIB1|Haemophilus_GII,576,RVT_1+GIIM,121,342,,,,,,,358,436
Ha.ch.I1|CL1|IIB1|Hahella_GII,569,RVT_1+GIIM,115,331,,,,,,,347,425
Ha.ch.I2|Bacterial_GII,463,RVT_1+GIIM,108,314,,,,,,,330,408
Hm.ar.I1|CL1|IIB1|Herminiimonas_GII,568,RVT_1+GIIM,116,333,,,,,,,349,427
Hp.au.I1|CL1|IIB1|Herpetosiphon_GII,561,RVT_1+GIIM,113,328,,,,,,,344,422
Hp.au.I2|ML|IIA1|Herpetosiphon_GII,596,RVT_1+RVT_thumb+RVT_connect,1,360,361,501,502,594,,,,
Kl.pn.I2|CL1|IIB1|Klebsiella_GII,562,RVT_1+GIIM,113,329,,,,,,,345,423
Kl.pn.I3|Bacterial_GII,450,RVT_1+GIIM,3,301,,,,,,,313,390
Kl.pn.I4|Bacterial_GII,442,RVT_1+GIIM,3,297,,,,,,,310,387
Ko.ol.I1|Bacterial_GII,424,RVT_1+GIIM,1,279,,,,,,,292,368
L.l.I1|ML|IIA1|Lactococcus_GII,600,RVT_1+RVT_thumb+RVT_connect,1,371,372,514,515,600,,,,
Le.pn.I1|CL1|IIB1|Legionella_GII,501,RVT_1+GIIM,115,336,,,,,,,357,435
Le.pn.I2|CL1|IIB1|Legionella_GII,507,RVT_1+GIIM,109,318,,,,,,,335,412
Ly.sc.I1|Bacterial_GII,602,RVT_1+RVT_thumb+RVT_connect+RVT_thumb,14,335,336,477,555,581,,,,
Ma.mr.I2|Bacterial_GII,434,RVT_1+GIIM,1,309,,,,,,,331,402
Ma.mr.I3|Bacterial_GII,418,RVT_1+GIIM,68,287,,,,,,,314,391
Mic.sp.I1|Bacterial_GII,463,RVT_1+GIIM,77,316,,,,,,,330,406
Mo.th.I1|Bacterial_GII,412,RVT_1+RVT_thumb,85,316,324,408,,,,,,
N.sp.I1|CL2|IIB2|Nostoc_GII,540,RVT_1+RVT_thumb,123,343,360,430,,,,,,
N.sp.I3|CL2|IIB2|Nostoc_GII,533,RVT_1+RVT_thumb,109,337,338,427,,,,,,
N.sp.I4|CL2|IIB2|Nostoc_GII,601,RVT_1+GIIM,120,352,,,,,,,384,462
Na.th.I1|Bacterial_GII,423,RVT_1+RVT_thumb,1,280,293,370,,,,,,
Na.th.I2|Bacterial_GII,476,RVT_1+RVT_thumb,35,328,340,423,,,,,,
Ni.ha.I1|Bacterial_GII,441,RVT_1+GIIM,96,316,,,,,,,339,409
Ns.e.I1|Bacterial_GII,438,RVT_1+GIIM,82,289,,,,,,,302,379
Nv.a.I2|ML|IIA1|Novosphingobium_GII,571,RVT_1+RVT_thumb+RVT_connect,47,335,336,483,484,530,,,,
O.i.I1|Bacterial_GII,420,RVT_1+GIIM,1,272,,,,,,,288,366
O.i.I2|ML|IIA1|Oceanobacillus_GII,438,RVT_1+RVT_thumb,1,290,291,438,,,,,,
Oc.an.I1|Bacterial_GII,468,RVT_1+GIIM,113,319,,,,,,,335,413
OYPI1|ML|IIA1|Onion_GII,587,RVT_1+RVT_thumb+RVT_connect,14,346,356,492,498,550,,,,
P.a.I1|Bacterial_GII,466,RVT_1+GIIM,111,317,,,,,,,333,411
P.ae.I2|CL1|IIB1|Pseudomonas_GII,562,RVT_1+GIIM,115,328,,,,,,,344,422
P.ae.I3|Bacterial_GII,420,RVT_1+GIIM,68,287,,,,,,,313,391
P.p.I2|CL1|IIB1|Pseudomonas_GII,495,RVT_1+GIIM,120,336,,,,,,,352,430
P.p.I4|CL1|IIB1|Pseudomonas_GII,569,RVT_1+GIIM,115,328,,,,,,,344,422
P.p.I5|ML|IIA1|Pseudomonas_GII,619,RVT_1+RVT_thumb,8,374,375,518,,,,,,
P.s.I1|Bacterial_GII,456,RVT_1+GIIM,111,317,,,,,,,334,411
P.st.I1|CL1|IIB1|Pseudomonas_GII,580,RVT_1+GIIM,117,335,,,,,,,358,436
P.st.I2|CL1|IIB1|Pseudomonas_GII,502,RVT_1+GIIM,118,334,,,,,,,350,428
Pa.de.I1|Bacterial_GII,414,RVT_1+GIIM,68,287,,,,,,,313,390
Pbu.ph.I1|CL1|IIB1|Paraburkholderia_GII,569,RVT_1+GIIM,115,332,,,,,,,348,426
Pbu.ph.I2|CL1|IIB1|Paraburkholderia_GII,504,RVT_1+GIIM,116,332,,,,,,,348,426
Pe.th.I1|Bacterial_GII,424,RVT_1+RVT_thumb,1,280,292,370,,,,,,
Pe.th.I2|Bacterial_GII,429,RVT_1+GIIM,100,317,,,,,,,336,407
Peb.ca.I1|Bacterial_GII,447,RVT_1+GIIM,96,318,,,,,,,341,412
Pey.ph.I1|Bacterial_GII,414,RVT_1+GIIM,66,285,,,,,,,311,388
Ph.p.I2|Bacterial_GII,422,RVT_1+GIIM,1,280,,,,,,,293,370
Pol.sp.I1|CL1|IIB1|Polaromonas_GII,586,RVT_1+GIIM,113,330,,,,,,,346,425
Pr.ae.I3|Bacterial_GII,414,RVT_1+GIIM,66,285,,,,,,,311,388
Pr.ae.I4|CL1|IIB1|Prosthecochloris_GII,491,RVT_1+GIIM,111,324,,,,,,,340,418
Pr.ae.I5|Bacterial_GII,412,RVT_1+GIIM,68,287,,,,,,,314,390
Ps.tu.I1|Bacterial_GII,430,RVT_1+RVT_thumb,1,309,316,405,,,,,,
Pt.mo.I1|Bacterial_GII,473,RVT_1+RVT_thumb,48,324,339,418,,,,,,
R.so.I1|Bacterial_GII,456,RVT_1+GIIM,111,317,,,,,,,334,410
Re.sp.I1|CL1|IIB1|Reinekea_GII,552,RVT_1+GIIM,112,329,,,,,,,345,423
Rh.op.I1|CL1|IIB1|Rhodococcus_GII,593,RVT_1+GIIM,124,344,,,,,,,360,438
Rh.sp.I1|Bacterial_GII,460,RVT_1+GIIM,106,317,,,,,,,344,416
Ru.cm.I1|Bacterial_GII,628,RVT_1+RVT_thumb+RVT_connect+RVT_thumb,106,352,353,504,586,605,,,,
Ru.to.I1|Bacterial_GII,638,RVT_1+RVT_thumb+RVT_thumb,105,353,354,504,,,,,,
Ru.to.I2|Bacterial_GII,471,RVT_1+RVT_thumb,33,325,336,471,,,,,,
S.ag.I1|Bacterial_GII,437,RVT_1+RVT_thumb,1,289,290,437,,,,,,
S.ag.I2|Bacterial_GII,440,RVT_1+GIIM,100,312,,,,,,,334,405
S.eq.I1|CL1|IIB1|Streptococcus_GII,566,RVT_1+GIIM,128,349,,,,,,,365,444
S.eq.I2|ML|IIA1|Streptococcus_GII,574,RVT_1+RVT_thumb,4,367,368,516,,,,,,
S.eq.I3|ML|IIA1|Streptococcus_GII,593,RVT_1+RVT_thumb+RVT_connect,1,358,359,500,501,592,,,,
S.pn.I2|ML|IIA1|Streptococcus_GII,604,RVT_1+RVT_thumb+RVT_connect,1,367,368,521,522,603,,,,
Sb.mo.I1|CL1|IIB1|Streptobacillus_GII,544,RVT_1+GIIM,113,329,,,,,,,345,423
Sg.ce.I1|Bacterial_GII,436,RVT_1+RVT_1+GIIM,93,301,,,,,,,324,396
Sh.ba.I1|CL1|IIB1|Shewanella_GII,491,RVT_1+GIIM,112,322,,,,,,,338,416
Sh.sp.I1|CL1|IIB1|Shewanella_GII,491,RVT_1+GIIM,112,322,,,,,,,338,416
Sh.sp.I2|CL1|IIB1|Shewanella_GII,550,RVT_1+GIIM,113,329,,,,,,,345,423
Sm.av.I1|CL1|IIB1|Streptomyces_GII,588,RVT_1+GIIM,119,333,,,,,,,349,427
So.us.I2|Bacterial_GII,436,RVT_1+RVT_1+GIIM,94,316,,,,,,,339,410
So.us.I3|Bacterial_GII,463,RVT_1+GIIM,114,321,,,,,,,337,415
So.us.I4|Bacterial_GII,504,RVT_1+GIIM,142,372,,,,,,,393,472
Sp.wi.I1|ML|IIA1|Sphingomonas_GII,622,RVT_1+RVT_1+RVT_thumb+RVT_connect,89,252,384,529,530,579,,,,
Sr.me.I2|Bacterial_GII,506,RVT_1+GIIM,101,356,,,,,,,378,453
Sy.wo.I1|Bacterial_GII,444,RVT_1+RVT_thumb,1,317,323,417,,,,,,
Sy.wo.I2|Bacterial_GII,483,RVT_1+GIIM,129,337,,,,,,,354,432
Syb.fu.I1|Bacterial_GII,468,RVT_1+GIIM,112,319,,,,,,,335,412
Syb.th.I1|Bacterial_GII,430,RVT_1+GIIM,64,270,,,,,,,286,364
T.e.I2|CL2|IIB2|Trichodesmium_GII,555,RVT_1+GIIM,135,361,,,,,,,383,461
T.e.I4|CL2|IIB2|Trichodesmium_GII,590,RVT_1+GIIM,136,362,,,,,,,385,463
T.e.I6|CL2|IIB2|Trichodesmium_GII,667,RVT_1+GIIM,136,391,,,,,,,414,493
T.e.I7|CL2|IIB2|Trichodesmium_GII,449,RVT_1+RVT_1+RVT_thumb,99,311,334,414,,,,,,
Ta.it.I1|Bacterial_GII,471,RVT_1+RVT_thumb,33,322,339,417,,,,,,
Ta.sp.I2|Bacterial_GII,428,RVT_1+RVT_thumb+GIIM,83,311,320,371,,,,,373,405
Tc.po.I1|Bacterial_GII,424,RVT_1+RVT_thumb,1,281,293,371,,,,,,
Th.e.I1|CL1|IIB1|Thermosynechococcus_GII,567,RVT_1+RVT_thumb,123,331,345,425,,,,,,
Tm.sp.I1|Bacterial_GII,493,RVT_1+GIIM,136,367,,,,,,,390,466
UB.I1|Bacterial_GII,466,RVT_1+GIIM,109,339,,,,,,,361,434
UMB.I1|Bacterial_GII,417,RVT_1+GIIM,71,293,,,,,,,320,394
Vi.ha.I2|CL1|IIB1|Vibrio_GII,491,RVT_1+GIIM,112,322,,,,,,,338,416
Vi.ha.I3|Bacterial_GII,437,RVT_1+GIIM,1,279,,,,,,,293,369
Wo.sp.I1|CL1|IIB1|Wolbachia_GII,516,RVT_1+GIIM,113,331,,,,,,,347,425
Wo.sp.I6|Bacterial_GII,415,RVT_1+GIIM,68,287,,,,,,,314,388
Wo.sp.I7|Bacterial_GII,448,RVT_1+GIIM,1,309,,,,,,,331,401
Zu.pr.I1|Bacterial_GII,413,RVT_1+GIIM,71,289,,,,,,,315,389
Zu.pr.I2|Bacterial_GII,418,RVT_1+GIIM,70,291,,,,,,,318,395
M.a.I1|CL1|IIB1|Methanosarcina_GII,513,RVT_1+GIIM,134,354,,,,,,,370,448
M.a.I5|Bacterial_GII,416,RVT_1+GIIM,68,287,,,,,,,313,389
Mc.b.I1|CL1|IIB1|Methanococcoides_GII,593,RVT_1+GIIM,145,366,,,,,,,382,460
Me.hu.I1|CL1|IIB1|Methanospirillum_GII,491,RVT_1+GIIM,119,327,,,,,,,343,421
Me.hu.I2|CL1|IIB1|Methanospirillum_GII,491,RVT_1+GIIM,119,327,,,,,,,343,421
UA.I2|CL1|IIB|uncultured_GII,448,RVT_1+GIIM,60,281,,,,,,,297,375
UA.I4|unclassified|unclassified|uncultured_GII,431,RVT_1+GIIM,51,324,,,,,,,336,408
UA.I7|Bacterial_GII,444,RVT_1+RVT_thumb,92,323,328,417,,,,,,
UA.I9|CL1|IIB1|uncultured_GII,507,RVT_1+GIIM,136,357,,,,,,,373,451
AAB68949.1_GII,490,RVT_1+GIIM,119,325,,,,,,,341,419
AAL40743.1_Retrons,514,RVT_1+RVT_thumb,116,398,399,514,,,,,,
AAZ70675.1_GII,492,RVT_1+GIIM,126,339,,,,,,,355,433
ABF89781.1_GII,436,RVT_1+GIIM,95,301,,,,,,,324,396
ABH00384.1_GII,464,RVT_1+GIIM,88,321,,,,,,,343,419
ABQ25493.1_GII,434,RVT_1+GIIM,104,321,,,,,,,344,414
ACU42659.1_GII,453,RVT_1+GIIM,92,324,,,,,,,352,427
ACU72878.1_GII,483,RVT_1+GIIM,106,335,,,,,,,357,435
ACY91017.1_Retrons,311,RVT_1+RVT_thumb,1,241,242,311,,,,,,
ADJ78397.1_GII,461,RVT_1+RVT_thumb,29,316,330,407,,,,,,
ADO76363.1_GII,389,RVT_1+GIIM,2,284,,,,,,,297,368
ADO77309.1_GII,415,RVT_1+GIIM,68,287,,,,,,,314,392
ADP10728.1_Retrons,323,RVT_1+RVT_thumb,1,242,243,323,,,,,,
ADT93102.1_GII,504,RVT_1+GIIM,126,336,,,,,,,352,430
ADX80475.1_GII,385,RVT_1,102,338,,,,,,,,
ADZ79768.1_GII,400,RVT_1+GIIM,94,286,,,,,,,303,381
ADZ89922.1_GII,416,RVT_1+GIIM,67,286,,,,,,,312,389
AEA19435.1_GII,607,RVT_1+RVT_thumb+RVT_connect,1,370,371,524,525,607,,,,
AEB93977.1_GII,431,RVT_1+GIIM,1,274,,,,,,,290,369
AEE59814.1_GII,307,RVT_1,111,306,,,,,,,,
AEE60032.1_GII,566,RVT_1+GIIM,113,327,,,,,,,343,421
AEH82085.1_GII,490,RVT_1+GIIM,121,328,,,,,,,349,425
AEH83147.1_GII,452,RVT_1+GIIM,108,313,,,,,,,331,408
AEI44690.1_GII,463,RVT_1+GIIM,114,320,,,,,,,337,414
AEJ24996.1_GII,636,RVT_1+RVT_thumb+RVT_thumb,102,361,362,499,,,,,,
AEQ52843.1_GII,599,RVT_1+RVT_1+RVT_thumb+RVT_connect,61,233,348,501,502,560,,,,
AER32995.1_Retrons,572,RVT_1+RVT_thumb+RVT_connect,1,261,262,437,438,572,,,,
AEW02262.1_GII,422,RVT_1+GIIM,1,272,,,,,,,289,367
AEW02263.1_GII,435,RVT_1+RVT_1+GIIM,88,313,,,,,,,335,408
AEW03953.1_GII,631,RVT_1+RVT_thumb,106,343,351,441,,,,,,
AEW04134.1_GII,278,RVT_1+GIIM,40,107,,,,,,,129,204
AEW04136.1_GII,235,RVT_1,1,227,,,,,,,,
AEW06108.1_GII,437,RVT_1+GIIM,82,288,,,,,,,305,383
AEW06474.1_GII,407,RVT_1+GIIM,1,284,,,,,,,306,377
AEW07020.1_GII,470,RVT_1+GIIM,115,322,,,,,,,338,416
AEW07027.1_GII,414,RVT_1+GIIM,68,287,,,,,,,313,390
AEX22328.1_GII,448,RVT_1+GIIM,36,282,,,,,,,304,377
AEX51577.1_Retrons,613,RVT_1+RVT_thumb+RVT_connect,1,285,286,475,476,613,,,,
AEY65236.1_Retrons,347,RVT_1+RVT_thumb,1,237,238,347,,,,,,
AFK67108.1_GII,417,RVT_1+GIIM,71,290,,,,,,,316,392
AFL77068.1_GII,605,RVT_1+RVT_thumb+RVT_connect,1,370,371,523,524,605,,,,
AFL77340.1_DGRs,426,RVT_1+RVT_thumb,1,311,312,393,,,,,,
AFL96752.1_DGRs,403,RVT_1+RVT_thumb,1,306,307,403,,,,,,
AFM05814.1_Retrons,532,RVT_thumb+RVT_1+RVT_thumb,110,407,408,532,,,,,,
AFM35311.1_Retrons,392,RVT_1+RVT_thumb,1,250,251,392,,,,,,
AFM64702.1_GII,572,RVT_1+RVT_thumb+GIIM,114,333,349,400,,,,,402,427
AFQ12484.1_GII,629,RVT_1+RVT_thumb,98,352,353,483,,,,,,
AFR49048.1_Retrons,469,RVT_1+RVT_thumb,128,401,402,469,,,,,,
AFU17075.1_GII,613,RVT_1+RVT_thumb+RVT_connect,109,344,348,486,567,602,,,,
AFU17367.1_GII,598,RVT_1+RVT_thumb,1,323,324,467,,,,,,
AFV04404.1_GII,465,RVT_1+RVT_thumb+RVT_thumb,110,317,333,411,,,,,,
AFV04950.1_GII,448,RVT_1+GIIM,102,326,,,,,,,356,419
AFV04957.1_GII,429,RVT_1+GIIM,99,313,,,,,,,339,410
AFV05258.1_GII,333,RVT_1+RVT_thumb,11,80,100,178,,,,,,
AFV05263.1_GII,603,RVT_1+RVT_thumb+RVT_thumb,23,339,340,480,,,,,,
AFV05709.1_GII,453,RVT_1+RVT_thumb+GIIM,102,333,341,392,,,,,394,432
AFW95412.1_GII,579,RVT_1+RVT_thumb,109,339,354,449,,,,,,
AFW97271.1_DGRs,352,RVT_1+RVT_thumb,1,286,287,352,,,,,,
AFW97276.1_GII,505,RVT_1+RVT_thumb,108,314,315,408,,,,,,
AFY39963.1_DGRs,356,RVT_1+RVT_thumb,1,286,287,356,,,,,,
AFY54959.1_GII,528,RVT_1+RVT_thumb,109,335,336,428,,,,,,
AFY56551.1_GII,597,RVT_1+GIIM,114,328,,,,,,,351,429
AFY74933.1_AbiP2,486,RVT_1+RVT_thumb,1,287,288,486,,,,,,
AFY82020.1_GII,597,RVT_1+GIIM,104,335,,,,,,,367,446
AFY82664.1_GII,593,RVT_1+RVT_thumb,118,342,359,453,,,,,,
AFY85276.1_GII,587,RVT_1+GIIM,110,335,,,,,,,369,444
AFY91973.1_UNC,632,RVT_1+RVT_thumb,1,317,318,606,,,,,,
AFY92545.1_GII,471,RVT_1+GIIM,125,344,,,,,,,371,445
AFY92778.1_GII,554,RVT_1+GIIM,11,323,,,,,,,344,422
AFY92876.1_GII,605,RVT_1+GIIM,107,340,,,,,,,373,450
AFY96279.1_Retrons,471,RVT_1+RVT_thumb,116,398,399,471,,,,,,
AFZ01848.1_GII,524,RVT_1+RVT_thumb,106,332,333,426,,,,,,
AFZ06800.1_GII,566,RVT_1+GIIM,115,334,,,,,,,350,428
AFZ10708.1_GII,570,RVT_1+GIIM,110,334,,,,,,,365,441
AFZ10805.1_GII,561,RVT_1+RVT_thumb,145,348,349,441,,,,,,
AFZ12458.1_GII,525,RVT_1+RVT_thumb,109,312,313,405,,,,,,
AFZ13736.1_GII,663,RVT_1+RVT_thumb+RVT_thumb,110,346,375,457,,,,,,
AFZ15062.1_GII,625,RVT_1+RVT_thumb,108,344,345,469,,,,,,
AFZ16538.1_AbiA,642,RVT_1+RVT_thumb,1,334,335,642,,,,,,
AFZ16690.1_GII,598,RVT_1+GIIM,124,338,,,,,,,381,459
AFZ19045.1_GII,605,RVT_1+GIIM,105,340,,,,,,,372,450
AFZ23440.1_Retrons,362,RVT_1+RVT_thumb,1,268,269,362,,,,,,
AFZ27573.1_GII,557,RVT_1+GIIM,111,326,,,,,,,349,427
AFZ28292.1_GII,556,RVT_1+RVT_thumb,113,332,351,429,,,,,,
AFZ33673.1_GII,615,RVT_1+GIIM,142,376,,,,,,,408,486
AFZ49129.1_GII,606,RVT_1+RVT_thumb,106,338,345,448,,,,,,
AFZ49764.1_GII,640,RVT_1+GIIM,128,353,,,,,,,385,463
AFZ50418.1_GII,653,RVT_1+GIIM,130,364,,,,,,,396,474
AFZ50775.1_GII,642,RVT_1+GIIM,128,362,,,,,,,394,472
AFZ51710.1_GII,570,RVT_1+GIIM,114,343,,,,,,,366,444
AFZ52119.1_GII,554,RVT_1+RVT_thumb,112,321,330,415,,,,,,
AFZ54844.1_GII,357,RVT_1,111,324,,,,,,,,
AFZ61079.1_GII,523,RVT_1+RVT_thumb,109,332,333,434,,,,,,
AGA32808.1_GII,422,RVT_1+GIIM,19,243,,,,,,,264,296
AGA33966.1_GII,415,RVT_1+GIIM,64,271,,,,,,,284,360
AGA35145.1_GII,317,RVT_1+GIIM,8,157,,,,,,,173,251
AGA77286.1_GII,482,RVT_1+GIIM,120,327,,,,,,,341,417
AGA89318.1_GII,441,RVT_1+GIIM,86,316,,,,,,,338,411
AGA92426.1_G2L,432,RVT_1+RVT_thumb,37,303,317,431,,,,,,
AGB24016.1_GII,478,RVT_1+GIIM,108,336,,,,,,,358,435
AGB40181.1_GII,614,RVT_1+RVT_1+RVT_thumb+RVT_connect+RVT_thumb,109,346,347,479,571,593,,,,
AGB40354.1_GII,613,RVT_1+RVT_thumb+RVT_connect,109,347,348,486,570,595,,,,
AGB41082.1_GII,387,RVT_1+RVT_thumb+GIIM,5,283,296,318,,,,,320,367
AGB73416.1_GII,442,RVT_1+GIIM,98,318,,,,,,,340,410
AGB73648.1_GII,416,RVT_1+RVT_1+GIIM,72,198,,,,,,,315,391
AGF54383.1_GII,471,RVT_1+RVT_thumb+GIIM,87,326,342,392,,,,,394,419
AGF78774.1_GII,449,RVT_1+RVT_thumb+GIIM,25,302,310,364,,,,,366,391
AGF79254.1_Retrons,258,RVT_1+RVT_thumb,1,187,188,258,,,,,,
AGK12906.1_GII,286,RVT_1,55,261,,,,,,,,
AGK81851.1_GII,419,RVT_1+GIIM,72,291,,,,,,,317,395
AGK96615.1_GII,557,RVT_1+GIIM,120,341,,,,,,,357,436
AGK96716.1_GII,512,RVT_1+GIIM,120,341,,,,,,,357,436
AGK97539.1_GII,598,RVT_1+GIIM,118,340,,,,,,,360,438
AGK99452.1_GII,414,RVT_1+GIIM,68,288,,,,,,,313,389
AGK99593.1_GII,415,RVT_1+GIIM,68,288,,,,,,,318,390
AGM03404.1_Retrons,341,RVT_1+RVT_thumb,1,273,274,341,,,,,,
AGP84397.1_GII,523,RVT_1+GIIM,77,297,,,,,,,313,391
AGS25290.1_GII,431,RVT_1+GIIM,85,313,,,,,,,335,407
AGS27631.1_GII,423,RVT_1+GIIM,79,298,,,,,,,325,401
AGU50311.1_GII,457,RVT_1+GIIM,112,319,,,,,,,336,413
AGU51509.1_Retrons,586,RVT_1+RVT_thumb+RVT_1+RVT_thumb,1,260,261,410,,,,,,
AGU83700.1_GII,622,RVT_1+RVT_thumb+RVT_connect+RVT_connect,108,360,361,502,579,607,,,,
AGU89152.1_GII,462,RVT_1+GIIM,110,316,,,,,,,332,410
AGU89564.1_GII,462,RVT_1+GIIM,110,316,,,,,,,332,409
AGV11482.1_Retrons,300,RVT_1+RVT_thumb,1,242,243,300,,,,,,
AGY82459.1_GII,633,RVT_1+RVT_thumb+RVT_connect,106,359,360,506,560,629,,,,
AHA69388.1_GII,424,RVT_1+RVT_thumb,1,278,279,424,,,,,,
AHA69975.1_GII,608,RVT_1+RVT_thumb+RVT_connect+RVT_thumb,99,340,341,486,563,588,,,,
AHA75626.1_GII,629,RVT_1+RVT_thumb,100,337,344,489,,,,,,
WP_046067460.1_GII,469,RVT_1+GIIM,118,348,,,,,,,370,446
BAC22947.1_AbiK,610,RVT_1+RVT_thumb,1,295,296,610,,,,,,
BAG24604.1_GII,460,RVT_1+RVT_thumb+GIIM,105,317,318,358,,,,,360,406
BAI89703.1_GII,366,RVT_1+RVT_thumb,12,111,143,222,,,,,,
BAI89832.1_GII,497,RVT_1+GIIM,111,334,,,,,,,366,444
BAI90203.1_GII,406,RVT_1+RVT_thumb,12,157,168,266,,,,,,
BAI91266.1_GII,333,RVT_1+RVT_thumb,10,87,93,199,,,,,,
BAI91961.1_GII,498,RVT_1+GIIM,106,327,,,,,,,360,439
BAI92588.1_GII,389,RVT_1+RVT_thumb,5,146,164,271,,,,,,
BAI92651.1_GII,583,RVT_1+RVT_thumb,108,334,361,443,,,,,,
BAI93154.1_GII,464,RVT_1+RVT_thumb,1,219,224,354,,,,,,
BAI93264.1_GII,338,RVT_1+RVT_thumb,9,87,97,211,,,,,,
BAL13130.1_GII,393,RVT_1+GIIM,67,287,,,,,,,309,380
BAL14050.1_GII,442,RVT_1+GIIM,97,319,,,,,,,341,411
BAM46177.1_GII,302,RVT_1,1,272,,,,,,,,
BAM47359.1_GII,427,RVT_1+RVT_thumb,1,284,285,375,,,,,,
BAM87142.1_Retrons,354,RVT_1+RVT_thumb+RVT_1,218,300,83,204,,,,,,
BAO06057.1_GII,620,RVT_1+RVT_thumb+RVT_thumb,102,354,355,480,,,,,,
BAO08591.1_GII,602,RVT_1+RVT_thumb+RVT_connect,98,334,335,465,553,580,,,,
CAE51716.1_GII,495,RVT_1+RVT_thumb+RVT_thumb,135,363,364,467,,,,,,
CAJ43154.1_AbiP2,546,RVT_1+RVT_thumb,28,330,331,546,,,,,,
CAJ43157.1_AbiP2,544,RVT_1+RVT_thumb,30,329,330,544,,,,,,
CBH37051.1_GII,414,RVT_1+GIIM,67,286,,,,,,,312,391
CBH38840.1_GII,602,RVT_1+RVT_thumb,251,481,485,575,,,,,,
CBK62847.1_DGRs,336,RVT_1+RVT_thumb,1,268,269,336,,,,,,
CBK64900.1_GII,489,RVT_1+RVT_thumb+RVT_connect,6,254,255,407,408,489,,,,
CBK65990.1_DGRs,473,RVT_1+RVT_thumb,66,363,364,473,,,,,,
CBK66700.1_Retrons,739,RVT_1+RVT_thumb+RVT_thumb+RVT_connect+RVT_connect,1,272,273,384,608,666,,,,
CBK77439.1_GII,324,RVT_1+GIIM,20,198,,,,,,,225,303
CBK78440.1_Retrons,337,RVT_1+RVT_thumb,1,249,250,337,,,,,,
CBK78627.1_Retrons,365,RVT_1+RVT_thumb,1,247,248,365,,,,,,
CBK78644.1_GII,434,RVT_1+GIIM,99,309,,,,,,,331,404
CBK79388.1_Retrons,274,RVT_1,1,237,,,,,,,,
CBK80692.1_DGRs,418,RVT_1+RVT_thumb,1,324,325,405,,,,,,
CBK81695.1_GII,448,RVT_1+RVT_thumb,19,332,340,448,,,,,,
CBK90586.1_DGRs,346,RVT_1+RVT_thumb,1,275,278,346,,,,,,
CBK99617.1_Retrons,308,RVT_1+RVT_thumb,1,246,247,308,,,,,,
CBL03706.1_Retrons,307,RVT_1+RVT_thumb,1,244,245,307,,,,,,
CBL36069.1_GII,269,RVT_1,36,243,,,,,,,,
CBL38232.1_Retrons,549,RVT_1+RVT_thumb+RVT_thumb,1,253,254,418,,,,,,
CBL40120.1_DGRs,400,RVT_1+RVT_thumb,1,325,326,400,,,,,,
CBW21586.1_Retrons,370,RVT_1+RVT_thumb,68,297,298,370,,,,,,
CBW21731.1_Retrons,285,RVT_1+RVT_thumb,1,238,239,285,,,,,,
CBW25680.1_Retrons,321,RVT_1+RVT_thumb,1,244,245,321,,,,,,
CBX35399.1_Retrons,239,RVT_1,1,238,,,,,,,,
CBZ03901.1_GII,431,RVT_1+RVT_thumb,1,315,323,412,,,,,,
CCD07470.1_GII,414,RVT_1+GIIM,68,287,,,,,,,314,392
CCD08312.1_Retrons,541,RVT_1+RVT_thumb+RVT_1+RVT_thumb,1,252,253,411,,,,,,
CCE23849.1_GII,416,RVT_1+GIIM,68,287,,,,,,,314,392
CCG15867.1_GII,431,RVT_1+GIIM,1,283,,,,,,,300,376
CCG43603.1_GII,615,RVT_1+RVT_1+RVT_thumb+RVT_connect,103,342,346,471,563,607,,,,
CCG98767.1_GII,571,RVT_1+GIIM,114,333,,,,,,,349,427
CCK59969.1_GII,181,RVT_1,2,156,,,,,,,,
CCK80176.1_GII,446,RVT_1+GIIM,100,306,,,,,,,323,400
CCK80787.1_GII,301,RVT_1+GIIM,1,137,,,,,,,154,232
CCT60821.1_G2L,396,RVT_1+RVT_thumb,1,293,306,396,,,,,,
CCU70786.1_Retrons,300,RVT_1+RVT_thumb,1,224,225,300,,,,,,
EBA29810.1_AbiP2,589,RVT_1+RVT_thumb,1,313,314,589,,,,,,
EDM52225.1_DGRs,404,RVT_1+RVT_thumb,1,292,293,367,,,,,,
EDM88174.1_DGRs,379,RVT_1+RVT_thumb,1,292,293,379,,,,,,
EDN44663.1_DGRs,358,RVT_1+RVT_thumb,1,284,287,358,,,,,,
EKV55684.1_Retrons,328,RVT_1+RVT_thumb,1,188,189,328,,,,,,
EPN01905.1_GII,336,RVT_1+GIIM,1,196,,,,,,,210,286
EPN32446.1_Retrons,388,RVT_1+RVT_thumb,1,304,305,388,,,,,,
EPN74423.1_GII,422,RVT_1+GIIM,67,287,,,,,,,313,389
EPR43525.1_Retrons,484,RVT_1+RVT_1+RVT_thumb,88,417,418,484,,,,,,
EQC00825.1_GII,420,RVT_1+GIIM,68,287,,,,,,,314,390
EQC02762.1_Retrons,391,RVT_1+RVT_thumb,1,248,249,391,,,,,,
EQC78961.1_GII,597,RVT_1+RVT_thumb+RVT_thumb,97,331,335,440,,,,,,
EQL86843.1_Retrons,384,RVT_1+RVT_thumb,1,241,242,384,,,,,,
EQR32981.1_GII,270,RVT_1+GIIM,6,154,,,,,,,171,242
EQV07026.1_Retrons,393,RVT_1+RVT_thumb,1,252,253,393,,,,,,
ERB41253.1_GII,506,RVT_1+GIIM,114,324,,,,,,,340,418
ERC54366.1_Retrons,381,RVT_1+RVT_thumb,1,305,306,381,,,,,,
ERE33866.1_Retrons,298,RVT_1+RVT_thumb,1,232,233,298,,,,,,
NP_049088.1_GII,633,RVT_1+RVT_thumb+RVT_1+RVT_thumb,89,247,375,521,,,,,,
NP_478367.1_AbiK,590,RVT_1+RVT_thumb,1,292,293,590,,,,,,
NP_490347.1_GII,562,RVT_1+RVT_thumb,147,370,371,465,,,,,,
NP_617021.1_Retrons,563,RVT_1+RVT_thumb,1,279,280,379,,,,,,
NP_681791.1_GII,317,RVT_1+RVT_thumb+RVT_connect,2,81,86,201,277,313,,,,
NP_758929.1_DGRs,303,RVT_1,1,271,,,,,,,,
NP_782489.1_Retrons,385,RVT_1+RVT_thumb,34,317,318,385,,,,,,
NP_793699.1_Retrons,393,RVT_1+RVT_thumb,1,251,252,393,,,,,,
NP_862563.1_AbiK,599,RVT_1+RVT_thumb,1,293,294,599,,,,,,
NP_875004.1_Retrons,472,RVT_1+RVT_thumb,119,406,407,472,,,,,,
NP_928428.1_GII,469,RVT_1+GIIM,118,337,,,,,,,363,440
NP_932029.1_Retrons,393,RVT_1+RVT_thumb,1,253,254,393,,,,,,
NP_934564.1_Retrons,381,RVT_1+RVT_thumb,1,267,268,381,,,,,,
NP_972866.1_DGRs,328,RVT_1+RVT_thumb,1,268,269,328,,,,,,
sp|P23070.1_Retrons,320,RVT_1+RVT_thumb,1,250,251,320,,,,,,
WP_007306270.1_GII,530,RVT_1+RVT_thumb,135,336,342,426,,,,,,
CCL70884.1_GII,633,RVT_1+RVT_thumb+RVT_connect+RVT_thumb,124,367,368,508,567,613,,,,
WP_015886918.1_GII,430,RVT_1+GIIM,83,301,,,,,,,328,405
YP_001002344.1_GII,221,RVT_1+GIIM,1,101,,,,,,,122,202
YP_001041702.1_DGRs,434,RVT_1+RVT_thumb,1,306,316,421,,,,,,
YP_001107822.1_Retrons,432,RVT_1+RVT_thumb,86,365,366,432,,,,,,
YP_001112586.1_DGRs,342,RVT_1+RVT_thumb,1,278,279,342,,,,,,
YP_001167527.1_DGRs,366,RVT_1+RVT_thumb,1,281,282,366,,,,,,
YP_001181807.1_GII,354,RVT_1+GIIM,6,225,,,,,,,253,330
YP_001184131.1_Retrons,383,RVT_1+RVT_thumb,1,267,268,383,,,,,,
YP_001213017.1_Retrons,430,RVT_1+RVT_thumb,1,198,199,299,,,,,,
YP_001251128.1_GII,454,RVT_1+GIIM,106,325,,,,,,,352,430
YP_001251133.1_DGRs,399,RVT_1+RVT_thumb,1,309,310,398,,,,,,
YP_001302290.1_DGRs,504,RVT_1+RVT_thumb+RVT_thumb+RVT_thumb,1,320,321,385,,,,,,
YP_001310744.1_GII,304,RVT_1,1,303,,,,,,,,
YP_001318507.1_GII,412,RVT_1+GIIM,67,287,,,,,,,313,388
YP_001320362.1_DGRs,360,RVT_1+RVT_thumb,1,293,294,360,,,,,,
YP_001341285.1_Retrons,310,RVT_1+RVT_thumb,1,239,240,310,,,,,,
YP_001397265.1_GII,462,RVT_1+RVT_thumb,1,302,303,461,,,,,,
YP_001611366.1_GII,439,RVT_1+GIIM,94,320,,,,,,,342,419
YP_001619934.1_GII,384,RVT_1+GIIM,32,261,,,,,,,283,358
YP_001629663.1_GII,571,RVT_1+GIIM,114,332,,,,,,,348,426
YP_001630638.1_GII,567,RVT_1+GIIM,114,331,,,,,,,347,425
YP_001661219.1_GII,614,RVT_1+RVT_thumb,118,343,348,453,,,,,,
YP_001672748.1_Retrons,284,RVT_1+RVT_thumb,2,206,207,284,,,,,,
YP_001678666.1_GII,475,RVT_1+GIIM,120,327,,,,,,,343,421
YP_001725163.1_GII,440,RVT_1+GIIM,92,311,,,,,,,339,416
YP_001736173.1_Retrons,339,RVT_1+RVT_thumb,1,246,247,339,,,,,,
YP_001750449.1_Retrons,374,RVT_1+RVT_thumb,1,256,257,374,,,,,,
YP_001791286.1_DGRs,339,RVT_1+RVT_thumb,1,266,270,339,,,,,,
YP_001801827.1_GII,646,RVT_1+GIIM,146,381,,,,,,,413,491
YP_001802055.1_GII,607,RVT_1+RVT_thumb+GIIM,105,339,347,369,,,,,371,448
YP_001804242.1_GII,621,RVT_1+GIIM,146,378,,,,,,,411,490
YP_001806077.1_GII,599,RVT_1+GIIM,119,349,,,,,,,381,458
YP_001840884.1_Retrons,292,RVT_1+RVT_thumb,1,256,257,288,,,,,,
YP_001864131.1_Retrons,361,RVT_1+RVT_thumb,1,283,284,361,,,,,,
YP_001886156.1_Retrons,492,RVT_thumb+RVT_thumb+RVT_1+RVT_thumb,146,426,427,492,,,,,,
YP_001893694.1_Retrons,451,RVT_1+RVT_thumb,79,377,378,451,,,,,,
YP_001909267.1_AbiP2,504,RVT_1+RVT_thumb,1,309,310,504,,,,,,
YP_001937998.1_GII,379,RVT_1+RVT_thumb,1,325,326,379,,,,,,
YP_001975138.1_GII,433,RVT_1+RVT_thumb+GIIM,1,315,323,381,,,,,383,410
YP_002125013.1_GII,277,RVT_1+GIIM,35,134,,,,,,,146,223
YP_002152074.1_Retrons,317,RVT_1+RVT_thumb,1,237,238,317,,,,,,
YP_002153510.1_Retrons,479,RVT_1+RVT_thumb,105,406,407,479,,,,,,
YP_002156157.1_AbiP2,508,RVT_1+RVT_thumb,1,298,299,508,,,,,,
YP_002218754.1_Retrons,315,RVT_1+RVT_thumb,1,245,246,315,,,,,,
YP_002263442.1_GII,404,RVT_1+GIIM,61,263,,,,,,,275,353
YP_002297369.1_DGRs,356,RVT_1+RVT_thumb,1,274,277,356,,,,,,
YP_002362445.1_G2L4,442,RVT_1+RVT_thumb,1,297,320,421,,,,,,
YP_002371616.1_GII,607,RVT_1+RVT_thumb,114,348,357,457,,,,,,
YP_002379570.1_GII,661,RVT_1+GIIM,117,349,,,,,,,381,459
YP_002384961.1_Retrons,323,RVT_1+RVT_thumb,1,241,242,323,,,,,,
YP_002413028.1_Retrons,366,RVT_1+RVT_thumb,1,255,256,366,,,,,,
YP_002498363.1_Retrons,598,RVT_1+RVT_thumb,118,396,397,513,,,,,,
YP_002513685.1_DGRs,377,RVT_1+RVT_thumb,26,305,309,377,,,,,,
YP_002529852.1_GII,607,RVT_1+RVT_thumb+RVT_1+RVT_thumb+RVT_connect,1,251,376,525,526,602,,,,
YP_002533188.1_GII,627,RVT_1+RVT_thumb+RVT_connect,1,379,380,531,532,626,,,,
YP_002533296.1_GII,603,RVT_1+RVT_thumb+GIIM,117,338,357,376,,,,,378,435
YP_002540888.1_GII,504,RVT_1+RVT_1+RVT_thumb,86,334,354,429,,,,,,
YP_002603182.1_Retrons,294,RVT_1+RVT_thumb,1,239,240,294,,,,,,
YP_002603891.1_GII,217,RVT_1+GIIM,8,89,,,,,,,115,192
YP_002799633.1_GII,591,RVT_1+GIIM,238,468,,,,,,,490,562
YP_002871546.1_Retrons,382,RVT_1+RVT_thumb,1,305,306,382,,,,,,
YP_002877705.1_Retrons,323,RVT_1+RVT_thumb,1,254,255,323,,,,,,
YP_002891920.1_Retrons,343,RVT_1+RVT_thumb,1,268,269,343,,,,,,
YP_002911371.1_DGRs,445,RVT_1+RVT_thumb,138,371,375,445,,,,,,
YP_002924030.1_GII,570,RVT_1+GIIM,115,331,,,,,,,354,432
YP_002987976.1_Retrons,316,RVT_1+RVT_thumb,1,238,239,316,,,,,,
YP_002989002.1_Retrons,332,RVT_1+RVT_thumb,1,277,278,332,,,,,,
YP_003138956.1_GII,596,RVT_1+RVT_thumb+GIIM,108,332,364,405,,,,,407,442
YP_003167049.1_GII,453,RVT_1+GIIM,101,309,,,,,,,323,399
YP_003191105.1_GII,229,RVT_1+RVT_thumb,1,102,109,201,,,,,,
YP_003191293.1_GII,434,RVT_1+GIIM,1,309,,,,,,,330,402
YP_003193327.1_GII,415,RVT_1+GIIM,68,287,,,,,,,313,388
YP_003193548.1_DGRs,369,RVT_1+RVT_thumb,1,290,291,369,,,,,,
YP_003197497.1_GII,603,RVT_1+GIIM,248,477,,,,,,,500,575
YP_003197499.1_GII,441,RVT_1+GIIM,93,312,,,,,,,339,417
YP_003238306.1_GII,446,RVT_1+GIIM,92,298,,,,,,,314,392
YP_003258803.1_Retrons,323,RVT_1+RVT_thumb,1,248,249,323,,,,,,
YP_003266012.1_Retrons,449,RVT_1+RVT_thumb,93,376,377,449,,,,,,
YP_003286925.1_Retrons,321,RVT_1+RVT_thumb,1,239,240,321,,,,,,
YP_003290686.1_AbiP2,505,RVT_1+RVT_thumb,1,312,313,505,,,,,,
YP_003366691.1_GII,594,RVT_1+GIIM,140,357,,,,,,,373,451
YP_003391729.1_GII,507,RVT_1+GIIM,102,358,,,,,,,380,458
YP_003428936.1_GII,414,RVT_1+RVT_thumb+GIIM,68,287,312,339,,,,,341,387
YP_003429019.1_GII,644,RVT_1+RVT_1+RVT_thumb+RVT_thumb+RVT_connect,99,344,345,444,614,636,,,,
YP_003442808.1_GII,451,RVT_1+GIIM,100,307,,,,,,,321,397
YP_003454583.1_GII,448,RVT_1+RVT_thumb,98,329,334,423,,,,,,
YP_003467385.1_GII,283,RVT_1+GIIM,12,115,,,,,,,131,209
YP_003522832.1_DGRs,467,RVT_1+RVT_thumb,96,384,387,467,,,,,,
YP_003667675.1_GII,626,RVT_1+RVT_thumb+RVT_connect,106,354,358,504,580,612,,,,
YP_003691715.1_GII,508,RVT_1+GIIM,154,361,,,,,,,375,450
YP_003698265.1_GII,422,RVT_1+RVT_thumb+GIIM,1,274,290,342,,,,,344,367
YP_003712802.1_GII,444,RVT_1+RVT_thumb,2,325,328,417,,,,,,
YP_003750926.1_GII,412,RVT_1+GIIM,68,287,,,,,,,314,390
YP_003751272.1_GII,565,RVT_1+GIIM,114,332,,,,,,,348,426
YP_003810633.1_GII,429,RVT_1+GIIM,4,293,,,,,,,307,382
YP_003811021.1_GII,569,RVT_1+GIIM,114,331,,,,,,,347,425
YP_003813144.1_Retrons,441,RVT_1+RVT_thumb,1,272,273,376,,,,,,
YP_003827842.1_GII,430,RVT_1+GIIM,1,310,,,,,,,332,402
YP_003846753.1_GII,556,RVT_1+RVT_thumb,114,329,338,447,,,,,,
YP_003915884.1_GII,445,RVT_1+GIIM,92,298,,,,,,,317,394
YP_003951108.1_GII,612,RVT_1+GIIM,252,482,,,,,,,504,582
YP_003952140.1_GII,548,RVT_1+RVT_1+GIIM,99,271,,,,,,,390,468
YP_003952719.1_GII,450,RVT_1+GIIM,97,326,,,,,,,349,421
YP_003994367.1_GII,471,RVT_1+GIIM,1,323,,,,,,,340,417
YP_003996169.1_GII,482,RVT_1+GIIM,123,329,,,,,,,346,423
YP_003997451.1_GII,410,RVT_1+GIIM,71,290,,,,,,,315,388
YP_004013130.1_DGRs,365,RVT_1+RVT_thumb,1,284,300,365,,,,,,
YP_004022293.1_GII,490,RVT_1+GIIM,119,334,,,,,,,351,429
YP_004022295.1_GII,504,RVT_1+GIIM,137,367,,,,,,,385,467
YP_004030250.1_GII,464,RVT_1+GIIM,110,316,,,,,,,332,409
YP_004067647.1_Retrons,314,RVT_1+RVT_thumb,1,241,242,314,,,,,,
YP_004094964.1_GII,464,RVT_1+GIIM,2,315,,,,,,,331,409
YP_004098132.1_GII,497,RVT_1+GIIM,112,343,,,,,,,365,441
YP_004130971.1_GII,420,RVT_1+GIIM,66,273,,,,,,,290,367
YP_004131816.1_GII,635,RVT_1+RVT_thumb+RVT_connect+RVT_connect,99,350,358,512,529,599,,,,
YP_004148868.1_GII,298,RVT_1,1,280,,,,,,,,
YP_004153921.1_Retrons,462,RVT_1+RVT_thumb,77,388,389,462,,,,,,
YP_004163081.1_GII,417,RVT_1+GIIM,71,291,,,,,,,318,393
YP_004166055.1_GII,436,RVT_1+GIIM,1,285,,,,,,,306,384
YP_004197167.1_GII,445,RVT_1+GIIM,96,318,,,,,,,341,411
YP_004251505.1_GII,602,RVT_1+RVT_thumb+RVT_connect,1,369,370,520,521,602,,,,
YP_004259577.1_GII,445,RVT_1+GIIM,79,286,,,,,,,308,385
YP_004264445.1_GII,599,RVT_1+RVT_thumb+RVT_connect,1,359,360,510,511,588,,,,
YP_004328208.1_Retrons,440,RVT_1+RVT_thumb,3,271,272,376,,,,,,
YP_004332991.1_Retrons,412,RVT_1+RVT_thumb,78,344,345,412,,,,,,
YP_004385635.1_GII,558,RVT_1+RVT_thumb,99,352,353,483,,,,,,
YP_004394564.1_Retrons,391,RVT_1+RVT_thumb,1,248,249,391,,,,,,
YP_004429380.1_GII,405,RVT_1+GIIM,48,255,,,,,,,276,354
YP_004432641.1_GII,495,RVT_1+GIIM,112,322,,,,,,,338,416
YP_004441540.1_GII,426,RVT_1+RVT_thumb,1,278,279,426,,,,,,
YP_004467069.1_Retrons,312,RVT_1+RVT_thumb,1,241,242,312,,,,,,
YP_004514099.1_Retrons,333,RVT_1+RVT_thumb,1,245,246,333,,,,,,
YP_004559271.1_GII,552,RVT_1+GIIM,110,328,,,,,,,344,422
YP_004583038.1_GII,478,RVT_1+GIIM,107,338,,,,,,,360,438
YP_004682045.1_GII,435,RVT_1+GIIM,1,309,,,,,,,331,402
YP_004746984.1_GII,420,RVT_1+GIIM,72,292,,,,,,,318,396
YP_004750411.1_GII,219,RVT_1+GIIM,1,101,,,,,,,122,200
YP_004753235.1_Retrons,392,RVT_1+RVT_thumb,1,248,249,392,,,,,,
YP_004754024.1_DGRs,463,RVT_1+RVT_thumb,97,389,392,463,,,,,,
YP_004784758.1_GII,441,RVT_1+GIIM,96,317,,,,,,,340,411
YP_004846191.1_DGRs,368,RVT_1+RVT_thumb,1,293,305,368,,,,,,
YP_004866389.1_Retrons,602,RVT_1+RVT_thumb+RVT_connect,1,269,270,467,468,602,,,,
YP_005044853.1_Retrons,392,RVT_1+RVT_thumb,1,250,251,392,,,,,,
YP_005045496.1_GII,414,RVT_1+GIIM,68,287,,,,,,,313,389
YP_005046231.1_GII,432,RVT_1+GIIM,100,314,,,,,,,339,412
YP_005285142.1_Retrons,429,RVT_1+RVT_thumb,90,361,362,429,,,,,,
YP_005324583.1_AbiP2,508,RVT_1+RVT_thumb,1,305,306,508,,,,,,
YP_005726673.1_GII,507,RVT_1+RVT_thumb,1,343,344,436,,,,,,
YP_006717053.1_GII,529,RVT_1+GIIM,175,381,,,,,,,397,475
YP_007194308_GII,419,RVT_1+GIIM,72,290,,,,,,,317,395
YP_007336327.1_GII,506,RVT_1+RVT_thumb,113,327,343,444,,,,,,
YP_129838.1_GII,278,RVT_1+RVT_thumb,3,203,215,278,,,,,,
YP_204427.1_Retrons,395,RVT_1+RVT_thumb,1,258,259,395,,,,,,
YP_211737.1_Retrons,282,RVT_1+RVT_thumb,1,238,239,282,,,,,,
YP_217686.1_Retrons,319,RVT_1+RVT_thumb,1,246,247,319,,,,,,
YP_263744.1_DGRs,362,RVT_1+RVT_thumb,1,275,276,334,,,,,,
YP_277063.1_G2L4,415,RVT_1+RVT_thumb,1,295,303,415,,,,,,
YP_323757.1_Retrons,364,RVT_1+RVT_thumb,1,267,268,364,,,,,,
YP_338960.1_GII,299,RVT_1+GIIM,2,174,,,,,,,196,271
YP_379989.1_DGRs,344,RVT_1+RVT_thumb,1,268,269,344,,,,,,
YP_397646.1_Retrons,482,RVT_thumb+RVT_1+RVT_thumb,126,417,418,482,,,,,,
YP_406270.1_GII,348,RVT_1+RVT_thumb,118,224,231,320,,,,,,
YP_411629.1_G2L4,418,RVT_1+RVT_thumb,1,293,306,418,,,,,,
YP_435102.1_Retrons,587,RVT_thumb+RVT_1+RVT_thumb,117,398,399,490,,,,,,
YP_437792.1_Retrons,444,RVT_1+RVT_thumb,80,373,374,444,,,,,,
YP_454890.1_GII,282,RVT_1,113,281,,,,,,,,
YP_552148.1_GII,456,RVT_1+GIIM,112,318,,,,,,,335,413
YP_583625.1_Retrons,323,RVT_1+RVT_thumb,1,248,249,323,,,,,,
YP_603203.1_GII,625,RVT_1+RVT_thumb+RVT_connect,31,390,391,544,545,624,,,,
YP_628423.1_Retrons,485,RVT_1+RVT_thumb,115,409,410,485,,,,,,
YP_633868.1_Retrons,348,RVT_1+RVT_thumb,1,280,281,348,,,,,,
YP_670592.1_AbiP2,456,RVT_1+RVT_thumb,1,246,247,456,,,,,,
YP_721852.1_Retrons,482,RVT_1+RVT_thumb,114,398,399,482,,,,,,
YP_736562.1_Retrons,400,RVT_1+RVT_thumb,1,263,264,400,,,,,,
YP_910941.1_DGRs,343,RVT_1+RVT_thumb,1,286,287,343,,,,,,
YP_911931.1_GII,418,RVT_1+GIIM,66,285,,,,,,,311,390
YP_912637.1_GII,364,RVT_1,145,363,,,,,,,,
YP_913038.1_GII,493,RVT_1+GIIM,137,367,,,,,,,390,466
YP_953032.1_GII,454,RVT_1+GIIM,114,325,,,,,,,354,426
YP_963777.1_Retrons,586,RVT_1+RVT_thumb+RVT_connect,1,265,266,452,453,586,,,,
YP_963843.1_DGRs,424,RVT_1+RVT_thumb,79,353,357,424,,,,,,
ZP_00592520.1_DGRs,337,RVT_1+RVT_thumb,1,272,273,337,,,,,,
ZP_00738538.1_GII,420,RVT_1+RVT_thumb,68,288,309,389,,,,,,
ZP_01463804.1_Retrons,480,RVT_1+RVT_thumb,111,409,410,480,,,,,,
ZP_01544691.1_AbiP2,429,RVT_1+RVT_thumb,1,314,315,423,,,,,,
ZP_01594931.1_DGRs,414,RVT_1+RVT_thumb,1,309,326,397,,,,,,
ZP_01628848.1_DGRs,352,RVT_1+RVT_thumb,1,285,286,352,,,,,,
ZP_01630404.1_DGRs,352,RVT_1+RVT_thumb,1,286,287,352,,,,,,
ZP_01730532.1_DGRs,355,RVT_1+RVT_thumb,1,286,287,355,,,,,,
ZP_01731218.1_DGRs,352,RVT_1+RVT_thumb,1,286,289,352,,,,,,
ZP_01788141.1_AbiP2,521,RVT_1+RVT_thumb,1,310,311,521,,,,,,
ZP_01918051_AbiP2,499,RVT_1+RVT_thumb,1,298,299,499,,,,,,
ZP_04698293.1_GII,420,RVT_1+GIIM,43,293,,,,,,,319,394
ZP_04856034.1_GII,418,RVT_1+GIIM,68,288,,,,,,,313,390
ZP_05913803.1_GII,477,RVT_1+GIIM,107,337,,,,,,,360,437
ZP_06415879.1_GII,417,RVT_1+GIIM,72,292,,,,,,,318,394
ZP_06477373.1_GII,421,RVT_1+GIIM,72,292,,,,,,,319,397
ZP_06641622.1_GII,416,RVT_1+GIIM,70,290,,,,,,,317,393
ZP_06846488.1_GII,427,RVT_1+RVT_1+GIIM,82,305,,,,,,,327,399
ZP_06850953.1_GII,482,RVT_1+GIIM,106,336,,,,,,,358,434
ZP_08074908_GII,417,RVT_1+GIIM,69,288,,,,,,,315,392
ZP_08822065.1_GII,444,RVT_1+GIIM,97,317,,,,,,,340,410
ZP_08923874.1_GII,478,RVT_1+GIIM,130,351,,,,,,,373,444
WP_011610793.1_DGRs,288,RVT_1+RVT_thumb,1,222,223,288,,,,,,
WP_017511345.1_GII,414,RVT_1+GIIM,68,287,,,,,,,313,390
AGVU01000027.1_4797_5993_+_DGRs,398,RVT_1+RVT_thumb,1,307,308,397,,,,,,
CAPH01000002.1_11160_12635_+_DGRs,491,RVT_1+RVT_thumb,122,375,376,454,,,,,,
NZ_AJIN01000036.1_114353_115546_-_DGRs,397,RVT_1+RVT_thumb,1,299,303,394,,,,,,
CAHI01000003.1_135149_136387_+_DGRs,412,RVT_1+RVT_thumb,9,313,314,412,,,,,,
NZ_AHHG01000042.1_1256_2470_-_DGRs,404,RVT_1+RVT_thumb,1,314,315,404,,,,,,
AAYH02000035.1_80908_82197_+_DGRs,429,RVT_1+RVT_thumb,1,315,316,429,,,,,,
AGXT01000008.1_975_2237_+_DGRs,420,RVT_1+RVT_thumb,1,311,312,420,,,,,,
NC_014033.1_1890446_1891687_-_DGRs,413,RVT_1+RVT_thumb,1,303,304,413,,,,,,
ADJS01000105.1_103806_105101_+_DGRs,431,RVT_1+RVT_thumb,19,315,316,429,,,,,,
AGXW01000012.1_741142_742563_+_DGRs,473,RVT_1+RVT_thumb,60,363,364,463,,,,,,
NZ_ADMO01000036.1_27951_29372_+_DGRs,473,RVT_1+RVT_thumb,60,362,363,458,,,,,,
FP929063.1_23321_24904_-_DGRs,527,RVT_1+RVT_thumb,36,328,329,449,,,,,,
AMFJ01002400.1_11269_12441_+_DGRs,390,RVT_1+RVT_thumb,1,292,293,390,,,,,,
NZ_CH902599.1_1696291_1697562_-_DGRs,423,RVT_1+RVT_thumb,1,308,324,423,,,,,,
ACDV01000044.1_52398_53765_+_DGRs,455,RVT_1+RVT_thumb,112,353,375,435,,,,,,
NZ_AJXW01000043.1_32865_34241_-_DGRs,458,RVT_1+RVT_thumb,90,361,385,443,,,,,,
NZ_AGFD01000005.1_21192_22766_+_DGRs,524,RVT_1+RVT_thumb+RVT_connect,1,322,323,427,428,516,,,,
FR695874.1_308140_309777_+_DGRs,545,RVT_1+RVT_thumb,49,344,345,451,,,,,,
AMWB01060384.1_22278_23864_-_DGRs,528,RVT_1+RVT_thumb,3,317,318,423,,,,,,
AMWB01080710.1_2_982_-_DGRs,327,RVT_1,21,321,,,,,,,,
FP885895.1_2192979_2194286_-_DGRs,435,RVT_1+RVT_thumb,123,356,360,435,,,,,,
NZ_ABBM01001082.1_14620_15960_-_DGRs,446,RVT_1+RVT_thumb,138,371,374,446,,,,,,
AMXB01000038.1_7388_8722_-_DGRs,444,RVT_1+RVT_thumb,134,367,371,444,,,,,,
NZ_AKJH01000019.1_103142_104344_+_DGRs,400,RVT_1+RVT_thumb,1,315,316,399,,,,,,
NC_017911.1_2196731_2197888_-_DGRs,385,RVT_1+RVT_thumb,1,314,315,385,,,,,,
NZ_AKIV01000010.1_2874_4214_+_DGRs,446,RVT_1+RVT_thumb,137,372,376,446,,,,,,
NZ_AHHB01000028.1_111723_112886_-_DGRs,387,RVT_1+RVT_thumb,20,313,317,387,,,,,,
CP002449.1_3729502_3730908_+_DGRs,468,RVT_1+RVT_thumb,159,392,397,468,,,,,,
AFXK01000001.1_1007175_1008500_-_DGRs,441,RVT_1+RVT_thumb,119,368,372,441,,,,,,
NZ_ANIR01000003.1_954672_955973_-_DGRs,433,RVT_1+RVT_thumb,122,357,360,433,,,,,,
NZ_AMWJ01000046.1_7611_8672_-_DGRs,353,RVT_1+RVT_thumb,37,280,283,353,,,,,,
AP007255.1_1632862_1634301_-_DGRs,479,RVT_1+RVT_thumb,109,399,410,479,,,,,,
CP000828.1_317020_317865_+_DGRs,281,RVT_1+RVT_thumb,1,213,226,281,,,,,,
NZ_CAFN01000268.1_3462_4520_+_DGRs,352,RVT_1+RVT_thumb,1,286,287,352,,,,,,
BA000019.2_4211334_4212392_+_DGRs,352,RVT_1+RVT_thumb,1,284,289,352,,,,,,
ALVJ01000051.1_128247_128954_-_DGRs,235,RVT_1+RVT_thumb,2,168,169,235,,,,,,
ALVJ01000038.1_53875_54924_-_DGRs,349,RVT_1+RVT_thumb,1,286,287,349,,,,,,
ALVJ01000040.1_680689_681777_-_DGRs,362,RVT_1+RVT_thumb,1,296,297,362,,,,,,
ALVW01000006.1_382256_383314_+_DGRs,352,RVT_1+RVT_thumb,1,286,287,352,,,,,,
AJLK01000113.1_51107_52165_+_DGRs,352,RVT_1+RVT_thumb,1,286,287,352,,,,,,
AEPQ01000184.1_982_2040_-_DGRs,352,RVT_1+RVT_thumb,1,286,287,352,,,,,,
ALVK01000015.1_190665_191771_+_DGRs,368,RVT_1+RVT_thumb,1,284,289,368,,,,,,
ALVN01000008.1_126931_128022_+_DGRs,363,RVT_1+RVT_thumb,1,286,287,363,,,,,,
ANKN01000155.1_13141_14229_-_DGRs,362,RVT_1+RVT_thumb,1,286,290,362,,,,,,
ALVR01000007.1_368607_369662_+_DGRs,351,RVT_1+RVT_thumb,1,286,287,351,,,,,,
AJWF01000011.1_80825_81892_+_DGRs,355,RVT_1+RVT_thumb,1,286,287,355,,,,,,
ANFJ01000002.1_3467092_3468171_-_DGRs,359,RVT_1+RVT_thumb,1,286,287,359,,,,,,
AESD01001019.1_867_1925_-_DGRs,352,RVT_1+RVT_thumb,1,286,287,352,,,,,,
ANKO01000117.1_3507_4655_+_DGRs,382,RVT_1+RVT_thumb,1,299,300,382,,,,,,
NZ_AFWS02000055.1_669543_670820_-_DGRs,425,RVT_1+RVT_thumb,1,285,289,352,,,,,,
NC_015510.1_5458851_5459840_+_DGRs,329,RVT_1+RVT_thumb,1,268,269,329,,,,,,
NS_000195.1_1389919_1390950_-_DGRs,343,RVT_1+RVT_thumb,1,275,276,343,,,,,,
NZ_AFWU01000006.1_69711_70724_+_DGRs,337,RVT_1+RVT_thumb,1,270,273,337,,,,,,
AMQJ01000472.1_1280_2287_-_DGRs,335,RVT_1+RVT_thumb,1,268,269,335,,,,,,
AATN01000314.1_5649_6656_+_DGRs,335,RVT_1+RVT_thumb,1,268,269,335,,,,,,
NZ_CM001488.1_1913288_1914271_+_DGRs,327,RVT_1+RVT_thumb,1,260,261,327,,,,,,
NZ_AFWT01000016.1_128742_129746_-_DGRs,334,RVT_1+RVT_thumb,1,266,271,334,,,,,,
NZ_ABVK02000003.1_249239_250165_-_DGRs,308,RVT_1+RVT_thumb,3,234,238,308,,,,,,
CBDL010000055.1_1497_2507_+_DGRs,336,RVT_1+RVT_thumb,1,258,259,336,,,,,,
CAXX010000057.1_1472_2482_+_DGRs,336,RVT_1+RVT_thumb,1,270,271,336,,,,,,
CBDJ010000043.1_31585_32613_-_DGRs,342,RVT_1+RVT_thumb,1,274,275,342,,,,,,
CBGO010000007.1_36405_37418_+_DGRs,337,RVT_1+RVT_thumb,1,273,276,337,,,,,,
AMWB01059641.1_8557_9537_-_DGRs,326,RVT_1+RVT_thumb,1,265,268,326,,,,,,
JQ680369.1_3715_4902_+_DGRs,395,RVT_1+RVT_thumb,41,321,324,395,,,,,,
CAPH01000015.1_44768_45802_+_DGRs,344,RVT_1+RVT_thumb,1,278,282,344,,,,,,
NZ_DS499577.1_1041271_1042476_-_DGRs,401,RVT_1+RVT_thumb,56,328,332,401,,,,,,
ADJS01003203.1_6781_7821_-_DGRs,346,RVT_1+RVT_thumb,1,278,282,346,,,,,,
NZ_AMSG01000002.1_4069_5115_+_DGRs,348,RVT_1+RVT_thumb,21,291,292,348,,,,,,
AKZJ01000008.1_123152_124111_-_DGRs,319,RVT_1+RVT_thumb,1,267,268,319,,,,,,
ABZX01000035.1_139827_140837_+_DGRs,336,RVT_1+RVT_thumb,1,269,270,335,,,,,,
AMWB01221839.1_635_1630_+_DGRs,331,RVT_1+RVT_thumb,1,280,281,331,,,,,,
NZ_EQ973486.1_214612_216159_+_DGRs,515,RVT_1+RVT_thumb+RVT_thumb,1,320,428,515,,,,,,
AGXT01000002.1_218362_220002_+_DGRs,546,RVT_1+RVT_thumb+RVT_thumb,1,318,427,546,,,,,,
NZ_ABZX01000038.1_188290_189900_-_DGRs,536,RVT_1+RVT_thumb,89,358,359,536,,,,,,
ACWP01000027.1_177715_179112_-_DGRs,465,RVT_1+RVT_thumb,41,363,364,443,,,,,,
JQ680362.1_3555_4847_-_DGRs,430,RVT_1+RVT_thumb,35,336,340,430,,,,,,
NZ_GG774705.1_84781_86271_+_DGRs,496,RVT_1+RVT_thumb+RVT_thumb,95,331,334,454,,,,,,
AGXW01000002.1_1010561_1011916_-_DGRs,451,RVT_1+RVT_thumb+RVT_thumb,20,292,293,361,,,,,,
NZ_ADKO01000109.1_195538_196908_+_DGRs,456,RVT_1+RVT_thumb,23,294,295,456,,,,,,
ABQC02000022.1_61242_62543_-_DGRs,433,RVT_1+RVT_thumb,1,272,273,433,,,,,,
AGXU01000044.1_12133_13455_+_DGRs,440,RVT_1+RVT_thumb,1,276,279,440,,,,,,
AGZQ01000025.1_3548_4849_-_DGRs,433,RVT_1+RVT_thumb,1,272,273,433,,,,,,
ACKS01000095.1_2900_4201_-_DGRs,433,RVT_1+RVT_thumb,1,272,273,433,,,,,,
NZ_JH114142.1_231164_232474_-_DGRs,436,RVT_1+RVT_thumb,1,270,273,436,,,,,,
AP010890.1_1008909_1010066_-_DGRs,385,RVT_1+RVT_thumb,1,290,291,376,,,,,,
NZ_AAVN02000001.1_286528_287559_-_DGRs,343,RVT_1+RVT_thumb,1,276,281,343,,,,,,
FP929046.1_2739477_2740715_+_DGRs,412,RVT_1+RVT_thumb,5,325,326,412,,,,,,
NZ_GG696046.1_280339_281616_-_DGRs,425,RVT_1+RVT_thumb,1,330,331,425,,,,,,
ADJS01008728.1_16528_17559_+_DGRs,343,RVT_1+RVT_thumb,1,270,271,343,,,,,,
NZ_ACCL02000018.1_46596_47798_-_DGRs,400,RVT_1+RVT_thumb,1,317,318,400,,,,,,
ADJT01012479.1_153767_154936_+_DGRs,389,RVT_1+RVT_thumb,1,292,293,372,,,,,,
ACTW01000035.1_32715_33890_+_DGRs,391,RVT_1+RVT_thumb,1,280,305,391,,,,,,
ACTW01000083.1_7450_8553_-_DGRs,367,RVT_1+RVT_thumb,1,272,276,367,,,,,,
NZ_AAYG02000002.1_94179_95324_+_DGRs,381,RVT_1+RVT_thumb,1,297,300,381,,,,,,
NZ_GL622409.1_3761_4633_-_DGRs,290,RVT_1+RVT_thumb,1,208,209,290,,,,,,
ABCB02000017.1_169604_170764_+_DGRs,386,RVT_1+RVT_thumb,1,273,274,361,,,,,,
ADJS01009107.1_45371_46534_+_DGRs,387,RVT_1+RVT_thumb,1,279,280,364,,,,,,
ACWK01000058.1_27470_28672_-_DGRs,400,RVT_1+RVT_thumb,20,305,308,400,,,,,,
ACFX02000016.1_5858_7183_-_DGRs,441,RVT_1+RVT_thumb,56,339,343,441,,,,,,
JQ680361.1_20257_21555_-_DGRs,432,RVT_1+RVT_thumb,1,297,298,377,,,,,,
NZ_JH114304.1_403934_404971_+_DGRs,345,RVT_1+RVT_thumb,1,277,281,345,,,,,,
AHMC01000020.1_258412_259452_-_DGRs,346,RVT_1+RVT_thumb,1,275,276,346,,,,,,
AIDC01000066.1_4852_5895_-_DGRs,347,RVT_1+RVT_thumb,1,274,275,347,,,,,,
NZ_ADOP01000022.1_24185_25450_-_DGRs,421,RVT_1+RVT_thumb,78,355,358,421,,,,,,
FN297812.1_13317_14594_+_DGRs,425,RVT_1+RVT_thumb,73,355,356,425,,,,,,
AIDA01000015.1_31684_32952_+_DGRs,422,RVT_1+RVT_thumb,74,355,356,422,,,,,,
NC_010113.1_49890_51158_-_DGRs,422,RVT_1+RVT_thumb,78,355,356,422,,,,,,
JQ680374.1_4707_5927_+_DGRs,406,RVT_1+RVT_thumb,1,296,297,376,,,,,,
ADDX01000030.1_67408_68631_-_DGRs,407,RVT_1+RVT_thumb,1,296,297,375,,,,,,
NZ_JH376870.1_861936_862973_+_DGRs,345,RVT_1+RVT_thumb,1,274,275,345,,,,,,
NZ_GL945342.1_74557_75594_-_DGRs,345,RVT_1+RVT_thumb,1,275,276,345,,,,,,
JQ680377.1_11710_12966_-_DGRs,418,RVT_1+RVT_thumb,1,277,278,354,,,,,,
BAAV01000002.1_1430_2320_-_DGRs,296,RVT_1+RVT_thumb,1,200,201,296,,,,,,
ABYO01000214.1_17324_18442_-_DGRs,372,RVT_1+RVT_thumb,1,292,293,372,,,,,,
ACTW01000029.1_150700_151872_+_DGRs,390,RVT_1+RVT_thumb,28,304,305,390,,,,,,
FP929045.1_1672980_1674209_+_DGRs,409,RVT_1+RVT_thumb,1,286,287,371,,,,,,
JQ680375.1_23846_24952_+_DGRs,368,RVT_1+RVT_thumb,1,272,273,356,,,,,,
NZ_JH590875.1_12750_13832_-_DGRs,360,RVT_1+RVT_thumb,1,274,275,354,,,,,,
AMFD01000008.1_3169_4251_+_DGRs,360,RVT_1+RVT_thumb,1,276,277,360,,,,,,
AFNE01000030.1_334_1341_-_DGRs,335,RVT_1+RVT_thumb,1,270,271,335,,,,,,
NZ_GG667666.1_9083_10279_-_DGRs,398,RVT_1+RVT_thumb,1,311,312,398,,,,,,
NZ_JH376429.1_76168_77364_-_DGRs,398,RVT_1+RVT_thumb,1,311,312,398,,,,,,
ADJS01011624.1_6744_8150_-_DGRs,468,RVT_1+RVT_thumb,72,360,361,442,,,,,,
NZ_DS995479.1_67536_68864_-_DGRs,442,RVT_1+RVT_thumb,98,369,374,442,,,,,,
NC_013204.1_3064520_3065668_+_DGRs,382,RVT_1+RVT_thumb,28,298,299,382,,,,,,
NZ_AAVN02000006.1_128321_129556_+_DGRs,411,RVT_1+RVT_thumb,25,296,300,376,,,,,,
NZ_GG692710.1_369487_370548_+_DGRs,353,RVT_1+RVT_thumb,3,265,266,353,,,,,,
ADJS01010211.1_7770_8939_-_DGRs,389,RVT_1+RVT_thumb,27,297,298,385,,,,,,
ACTW01000031.1_224334_225515_-_DGRs,393,RVT_1+RVT_thumb,25,301,302,393,,,,,,
ADDX01000072.1_6669_7817_-_DGRs,382,RVT_1+RVT_thumb,31,304,305,382,,,,,,
JQ680352.1_6515_7801_-_DGRs,428,RVT_1+RVT_thumb,49,325,326,410,,,,,,
JQ680373.1_18905_20023_-_DGRs,372,RVT_1+RVT_thumb,27,300,301,372,,,,,,
ADGC01006584.1_1842_2897_-_DGRs,351,RVT_1+RVT_thumb,1,281,282,349,,,,,,
AMQJ01003071.1_27256_28251_-_DGRs,331,RVT_1+RVT_thumb,1,270,271,331,,,,,,
AFOP01000002.1_59143_60153_+_DGRs,336,RVT_1+RVT_thumb,1,274,275,336,,,,,,
NZ_AKIY01000214.1_25782_27107_+_DGRs,441,RVT_1+RVT_thumb,112,378,379,441,,,,,,
NC_005357.1_1756_2904_-_DGRs,382,RVT_1+RVT_thumb,54,320,321,382,,,,,,
NZ_GL949760.1_238447_239511_-_DGRs,354,RVT_1+RVT_thumb,1,279,284,354,,,,,,
JQ680353.1_12843_13850_-_DGRs,335,RVT_1+RVT_thumb,1,269,270,335,,,,,,
NZ_JH376517.1_194316_195377_+_DGRs,353,RVT_1+RVT_thumb,1,286,289,353,,,,,,
JQ680350.1_16233_17285_-_DGRs,350,RVT_1+RVT_thumb,1,275,279,350,,,,,,
JQ680358.1_5893_6945_+_DGRs,350,RVT_1+RVT_thumb,1,275,278,350,,,,,,
NZ_DS499697.1_157005_157934_-_DGRs,309,RVT_1+RVT_thumb,30,241,244,309,,,,,,
NZ_AKKB01000035.1_6128_7261_-_DGRs,377,RVT_1+RVT_thumb,1,284,285,377,,,,,,
NZ_AKKB01000053.1_7413_8834_+_DGRs,473,RVT_1+RVT_thumb,83,355,356,426,,,,,,
JQ680365.1_32996_34219_+_DGRs,407,RVT_1+RVT_thumb,21,307,308,407,,,,,,
JQ680355.1_2309_3562_-_DGRs,417,RVT_1+RVT_1+RVT_thumb,84,316,317,417,,,,,,
NZ_JH590866.1_567035_568237_-_DGRs,400,RVT_1+RVT_thumb,4,298,301,400,,,,,,
AMQJ01003125.1_63397_64668_+_DGRs,423,RVT_1+RVT_thumb,93,358,359,423,,,,,,
HE576794.1_1250218_1251192_+_DGRs,324,RVT_1+RVT_thumb,2,250,251,324,,,,,,
NZ_CAKP01000036.1_50080_51141_+_DGRs,353,RVT_1+RVT_thumb,1,290,291,353,,,,,,
JQ680360.1_4929_6344_-_DGRs,471,RVT_1+RVT_thumb,46,335,348,409,,,,,,
FP929053.1_1241977_1243134_+_DGRs,385,RVT_1+RVT_thumb,1,291,292,385,,,,,,
NZ_BALG01000089.1_2242_3348_+_DGRs,368,RVT_1+RVT_thumb,1,289,290,368,,,,,,
AQSE01000026.1_75_1142_-_DGRs,355,RVT_1+RVT_thumb,1,287,288,355,,,,,,
AQSE01000048.1_12941_14155_-_DGRs,404,RVT_1+RVT_thumb,37,313,317,404,,,,,,
AQSE01000038.1_18378_19790_-_DGRs,470,RVT_1+RVT_thumb,1,273,276,470,,,,,,
AQSE01000039.1_9465_10490_+_DGRs,341,RVT_1+RVT_thumb,1,276,279,341,,,,,,
KP703175.1_35078_36103_+_DGRs,341,RVT_1+RVT_thumb,1,269,272,341,,,,,,
CP005957.1_819705_820739_+_DGRs,344,RVT_1+RVT_thumb,1,272,275,344,,,,,,
AMFJ01002827.1_6101_7135_+_DGRs,344,RVT_1+RVT_thumb,1,278,279,344,,,,,,
AMFJ01005734.1_3180_4127_-_DGRs,315,RVT_1+RVT_thumb,1,255,256,315,,,,,,
AMFJ01005865.1_1752_2783_+_DGRs,343,RVT_1+RVT_thumb,1,279,280,343,,,,,,
CP010426.1_824724_825764_-_DGRs,346,RVT_1+RVT_thumb,1,287,292,346,,,,,,
LBOJ01000014.1_17779_18654_+_DGRs,291,RVT_1+RVT_thumb,1,237,240,291,,,,,,
LBOJ01000019.1_2371_3420_-_DGRs,349,RVT_1+RVT_thumb,1,282,283,349,,,,,,
LBOP01000015.1_5971_6933_-_DGRs,320,RVT_1+RVT_thumb,1,268,269,320,,,,,,
LBOS01000005.1_16717_17802_-_DGRs,361,RVT_1+RVT_thumb,1,292,293,361,,,,,,
LBPL01000001.1_46258_47253_+_DGRs,331,RVT_1+RVT_thumb,1,278,279,331,,,,,,
LBPL01000003.1_23013_24038_+_DGRs,341,RVT_1+RVT_thumb,1,265,268,338,,,,,,
LBPO01000002.1_21003_22181_+_DGRs,392,RVT_1+RVT_thumb,1,336,339,392,,,,,,
LBPW01000029.1_6965_8005_-_DGRs,346,RVT_1+RVT_thumb,1,280,281,346,,,,,,
LBQA01000003.1_19911_20978_-_DGRs,355,RVT_1+RVT_thumb,1,289,290,355,,,,,,
LBQD01000003.1_6089_7144_+_DGRs,351,RVT_1+RVT_thumb,1,302,310,351,,,,,,
LBQM01000001.1_36313_37389_+_DGRs,358,RVT_1+RVT_thumb,1,300,301,358,,,,,,
LBQO01000039.1_3482_4519_+_DGRs,345,RVT_1+RVT_thumb,1,279,280,345,,,,,,
LBQP01000024.1_2225_3211_+_DGRs,328,RVT_1+RVT_thumb,1,266,267,328,,,,,,
LBRC01000027.1_4560_5564_-_DGRs,334,RVT_1+RVT_thumb,1,285,286,334,,,,,,
LBRD01000004.1_799_1854_-_DGRs,351,RVT_1+RVT_thumb,1,278,279,351,,,,,,
LBRT01000013.1_8507_9496_+_DGRs,329,RVT_1,1,286,,,,,,,,
LBSG01000027.1_1618_2652_-_DGRs,344,RVT_1+RVT_thumb,1,276,277,344,,,,,,
LBSI01000002.1_13876_14961_+_DGRs,361,RVT_1+RVT_thumb,1,294,295,361,,,,,,
LBSX01000014.1_41689_42816_+_DGRs,375,RVT_1+RVT_thumb,1,318,322,375,,,,,,
LBSY01000018.1_638_1690_-_DGRs,350,RVT_1+RVT_thumb,1,283,284,350,,,,,,
LBSY01000044.1_7966_9009_+_DGRs,347,RVT_1+RVT_thumb,1,287,288,347,,,,,,
LBTF01000004.1_2284_3204_+_DGRs,306,RVT_1+RVT_thumb,1,253,254,306,,,,,,
LBUP01000005.1_50626_51981_-_DGRs,451,RVT_1+RVT_thumb,46,329,330,451,,,,,,
LBUR01000007.1_43988_44989_-_DGRs,333,RVT_1+RVT_thumb,1,278,279,333,,,,,,
LBUU01000007.1_88584_89618_+_DGRs,344,RVT_1+RVT_thumb,1,284,285,344,,,,,,
LBVD01000002.1_37705_38709_+_DGRs,334,RVT_1+RVT_thumb,1,278,279,334,,,,,,
LBVK01000014.1_3978_4949_-_DGRs,323,RVT_1+RVT_thumb,1,272,273,323,,,,,,
LBVX01000030.1_10948_11946_+_DGRs,332,RVT_1+RVT_thumb,1,278,279,332,,,,,,
LBWC01000004.1_61579_62604_-_DGRs,341,RVT_1+RVT_thumb,1,267,268,341,,,,,,
LBWF01000003.1_35916_36902_-_DGRs,328,RVT_1+RVT_thumb,1,276,277,328,,,,,,
LBWH01000004.1_16374_17564_+_DGRs,396,RVT_1+RVT_thumb,1,327,328,396,,,,,,
LBWL01000009.1_6753_7736_-_DGRs,327,RVT_1+RVT_thumb,1,271,272,327,,,,,,
LBXA01000009.1_12254_13252_-_DGRs,332,RVT_1+RVT_thumb,1,276,277,332,,,,,,
LBXC01000004.1_33084_34151_+_DGRs,355,RVT_1+RVT_thumb,1,280,281,355,,,,,,
LBXL01000029.1_4321_5319_-_DGRs,332,RVT_1+RVT_thumb,1,270,273,332,,,,,,
LBXL01000035.1_3693_4643_+_DGRs,316,RVT_1+RVT_thumb,1,248,249,316,,,,,,
LBXP01000008.1_9612_10571_+_DGRs,319,RVT_1+RVT_thumb,1,274,275,319,,,,,,
LBYD01000002.1_212009_213058_+_DGRs,349,RVT_1+RVT_thumb,1,282,283,349,,,,,,
LBYE01000042.1_11417_12412_+_DGRs,331,RVT_1+RVT_thumb,1,276,277,331,,,,,,
LBYL01000001.1_24164_25285_+_DGRs,373,RVT_1+RVT_thumb,33,311,312,373,,,,,,
LBYZ01000002.1_34327_35337_+_DGRs,336,RVT_1+RVT_thumb,1,287,288,336,,,,,,
LBZV01000004.1_41266_42306_-_DGRs,346,RVT_1+RVT_thumb,1,290,291,346,,,,,,
LCAV01000017.1_6696_7766_+_DGRs,356,RVT_1+RVT_thumb,1,301,302,356,,,,,,
LCBC01000017.1_31906_32946_+_DGRs,346,RVT_1+RVT_thumb,1,289,290,346,,,,,,
LCBN01000004.1_12051_13103_+_DGRs,350,RVT_1+RVT_thumb,1,281,285,350,,,,,,
LCBQ01000036.1_2540_3460_+_DGRs,306,RVT_1+RVT_thumb,1,252,253,306,,,,,,
LCCB01000054.1_1500_2492_+_DGRs,330,RVT_1+RVT_thumb,1,271,272,330,,,,,,
LCCP01000016.1_39804_40850_+_DGRs,348,RVT_1+RVT_thumb,1,281,282,348,,,,,,
LCCQ01000001.1_23681_24700_+_DGRs,339,RVT_1+RVT_thumb,1,259,260,339,,,,,,
LCCW01000010.1_4570_5592_-_DGRs,340,RVT_1+RVT_thumb,1,279,280,340,,,,,,
LCDB01000024.1_1946_2926_+_DGRs,326,RVT_1+RVT_thumb,1,276,277,326,,,,,,
LCDF01000006.1_56669_57685_-_DGRs,338,RVT_1+RVT_thumb,15,289,290,338,,,,,,
LCDH01000011.1_16599_17672_-_DGRs,357,RVT_1+RVT_thumb,1,300,301,357,,,,,,
LCDS01000041.1_1483_2559_-_DGRs,358,RVT_1+RVT_thumb,24,307,308,358,,,,,,
LCEC01000049.1_5201_6196_+_DGRs,331,RVT_1+RVT_thumb,1,277,278,331,,,,,,
LCEI01000004.1_10547_11527_-_DGRs,326,RVT_1+RVT_thumb,1,274,279,326,,,,,,
LCEP01000014.1_2451_3284_-_DGRs,277,RVT_1,1,262,,,,,,,,
LCES01000001.1_6886_7887_-_DGRs,333,RVT_1+RVT_thumb,1,279,280,333,,,,,,
LCES01000003.1_41140_42144_+_DGRs,334,RVT_1+RVT_thumb,1,277,280,334,,,,,,
LCEZ01000045.1_2817_3845_-_DGRs,342,RVT_1+RVT_thumb,3,292,293,342,,,,,,
LCFI01000001.1_301934_303028_+_DGRs,364,RVT_1+RVT_thumb,3,312,313,364,,,,,,
LCFO01000002.1_110954_111940_+_DGRs,328,RVT_1+RVT_thumb,1,278,279,328,,,,,,
LCGK01000002.1_14337_15302_+_DGRs,321,RVT_1+RVT_thumb,1,271,272,321,,,,,,
LCGL01000001.1_113132_114130_-_DGRs,332,RVT_1+RVT_thumb,1,276,279,332,,,,,,
LCGO01000005.1_18116_19192_+_DGRs,358,RVT_1+RVT_thumb,1,294,295,358,,,,,,
LCGO01000017.1_5440_6429_+_DGRs,329,RVT_1+RVT_thumb,1,276,277,329,,,,,,
LCGW01000009.1_12378_13469_-_DGRs,363,RVT_1+RVT_thumb,31,312,313,363,,,,,,
LCHC01000022.1_94_1140_-_DGRs,348,RVT_1+RVT_thumb,1,279,284,348,,,,,,
LCHE01000003.1_7781_8833_-_DGRs,350,RVT_1+RVT_thumb,1,282,283,350,,,,,,
LCHF01000020.1_345_1292_-_DGRs,315,RVT_1+RVT_thumb,1,264,268,315,,,,,,
LCHJ01000007.1_55421_56461_+_DGRs,346,RVT_1+RVT_thumb,1,278,279,346,,,,,,
LCHM01000084.1_3203_4249_+_DGRs,348,RVT_1+RVT_thumb,1,278,279,348,,,,,,
LCHS01000040.1_3189_4106_-_DGRs,305,RVT_1+RVT_thumb,7,257,258,305,,,,,,
LCHU01000008.1_139_1131_+_DGRs,330,RVT_1+RVT_thumb,1,276,277,330,,,,,,
LCIN01000007.1_40901_41896_+_DGRs,331,RVT_1+RVT_thumb,1,282,283,331,,,,,,
LCJR01000002.1_32221_33213_-_DGRs,330,RVT_1+RVT_thumb,1,274,275,330,,,,,,
LCKD01000002.1_27760_28812_-_DGRs,350,RVT_1+RVT_thumb,1,282,283,350,,,,,,
LCKI01000003.1_5826_6689_-_DGRs,287,RVT_1+RVT_thumb,1,236,237,287,,,,,,
LCKK01000004.1_7870_8955_-_DGRs,361,RVT_1+RVT_thumb,3,292,293,361,,,,,,
LCLC01000018.1_4112_5167_+_DGRs,351,RVT_1+RVT_thumb,1,283,284,351,,,,,,
LCLM01000019.1_663_1664_-_DGRs,333,RVT_1+RVT_thumb,1,275,276,333,,,,,,
LCLQ01000001.1_16208_17227_-_DGRs,339,RVT_1+RVT_thumb,1,275,276,339,,,,,,
LCMF01000033.1_3483_4391_+_DGRs,302,RVT_1+RVT_thumb,20,239,242,302,,,,,,
LCMK01000005.1_17128_18120_+_DGRs,330,RVT_1+RVT_thumb,1,277,278,330,,,,,,
LCML01000001.1_107977_108996_+_DGRs,339,RVT_1+RVT_thumb,1,276,277,339,,,,,,
LCNF01000002.1_88892_89761_-_DGRs,289,RVT_1+RVT_thumb,1,243,244,289,,,,,,
LCNL01000022.1_5698_6732_+_DGRs,344,RVT_1+RVT_thumb,1,288,289,344,,,,,,
LCOG01000012.1_5870_6943_-_DGRs,357,RVT_1+RVT_thumb,1,301,302,357,,,,,,
LCOL01000016.1_7709_8707_-_DGRs,332,RVT_1+RVT_thumb,1,280,281,332,,,,,,
LCOP01000017.1_8617_9624_+_DGRs,335,RVT_1,28,301,,,,,,,,
LCOR01000029.1_4676_5674_-_DGRs,332,RVT_1+RVT_thumb,1,281,282,332,,,,,,
LCPI01000003.1_234171_235154_-_DGRs,327,RVT_1+RVT_thumb,1,277,278,327,,,,,,
LCPM01000004.1_11746_12786_-_DGRs,346,RVT_1+RVT_thumb,1,289,290,346,,,,,,
LCQC01000006.1_16023_16868_+_DGRs,281,RVT_1+RVT_thumb,1,234,235,281,,,,,,
LCQJ01000030.1_4532_5605_-_DGRs,357,RVT_1+RVT_thumb,1,288,289,357,,,,,,
LCQW01000004.1_10322_11551_-_DGRs,409,RVT_1+RVT_thumb,65,350,351,409,,,,,,
LCQY01000001.1_148690_149733_-_DGRs,347,RVT_1+RVT_thumb,1,284,288,347,,,,,,
LCRC01000045.1_337_1233_-_DGRs,298,RVT_1+RVT_thumb,2,248,249,298,,,,,,
LCRK01000003.1_86678_87700_-_DGRs,340,RVT_1+RVT_thumb,1,279,282,340,,,,,,
LCRK01000008.1_9538_10983_-_DGRs,481,RVT_1+RVT_thumb,149,423,426,481,,,,,,
LCRU01000019.1_798_1847_-_DGRs,349,RVT_1+RVT_thumb,6,292,293,349,,,,,,
LCRW01000003.1_19002_19865_-_DGRs,287,RVT_1+RVT_thumb,1,235,236,287,,,,,,
LCSB01000002.1_12698_13675_+_DGRs,325,RVT_1+RVT_thumb,1,276,279,325,,,,,,
LFCO01000003.1_78748_79728_-_DGRs,326,RVT_1+RVT_thumb,1,272,273,326,,,,,,
SRS078176_LANL_scaffold_4398_2652_4049_-_DGRs,465,RVT_1+RVT_thumb,102,342,358,434,,,,,,
SRS078176_LANL_scaffold_28758_2496_3605_+_DGRs,369,RVT_1+RVT_thumb,3,289,290,369,,,,,,
SRS077730_LANL_scaffold_668_66721_68034_-_DGRs,437,RVT_1+RVT_thumb,22,336,337,423,,,,,,
SRS077730_LANL_scaffold_24820_554_1708_+_DGRs,384,RVT_1+RVT_thumb,4,301,302,384,,,,,,
SRS077730_LANL_scaffold_11133_28147_29298_+_DGRs,383,RVT_1+RVT_thumb,1,274,275,360,,,,,,
SRS065278_LANL_scaffold_62372_10977_12242_-_DGRs,421,RVT_1+RVT_thumb,1,304,305,392,,,,,,
SRS064557_LANL_scaffold_10761_1173_1988_+_DGRs,271,RVT_1,39,236,,,,,,,,
SRS064276_LANL_scaffold_69655_5717_6880_+_DGRs,387,RVT_1+RVT_thumb,1,277,278,349,,,,,,
SRS064276_LANL_scaffold_69549_65043_65723_+_DGRs,226,RVT_1,1,213,,,,,,,,
SRS064276_LANL_scaffold_63194_137776_139326_+_DGRs,516,RVT_1+RVT_thumb,99,432,433,516,,,,,,
SRS064276_LANL_scaffold_37557_634_1737_+_DGRs,367,RVT_1+RVT_thumb,1,273,277,367,,,,,,
SRS063985_LANL_scaffold_8871_4253_4966_-_DGRs,237,RVT_1,1,190,,,,,,,,
SRS063985_LANL_scaffold_57289_2340_3485_-_DGRs,381,RVT_1+RVT_thumb,1,277,278,358,,,,,,
SRS063985_LANL_scaffold_35341_11845_13086_+_DGRs,413,RVT_1+RVT_thumb,84,317,318,413,,,,,,
SRS063985_LANL_scaffold_24478_884_2320_+_DGRs,478,RVT_1+RVT_thumb,134,406,409,478,,,,,,
SRS063985_LANL_scaffold_23055_961_2061_-_DGRs,366,RVT_1+RVT_thumb,1,269,283,353,,,,,,
SRS063040_Baylor_scaffold_36078_3317_4573_-_DGRs,418,RVT_1+RVT_thumb,12,330,331,418,,,,,,
SRS062427_LANL_scaffold_11801_3121_4332_-_DGRs,403,RVT_1+RVT_thumb,8,324,325,403,,,,,,
SRS058723_Baylor_scaffold_5897_25977_26630_+_DGRs,217,RVT_1+RVT_thumb,1,146,147,217,,,,,,
SRS058723_Baylor_scaffold_12543_2986_4191_+_DGRs,401,RVT_1+RVT_thumb,1,312,313,401,,,,,,
SRS056519_LANL_scaffold_25052_8451_9698_+_DGRs,415,RVT_1+RVT_thumb,68,341,342,415,,,,,,
SRS056259_LANL_scaffold_58167_36492_37526_+_DGRs,344,RVT_1+RVT_thumb,1,274,278,344,,,,,,
SRS056259_LANL_scaffold_48800_7058_8092_-_DGRs,344,RVT_1+RVT_thumb,1,260,261,344,,,,,,
SRS056259_LANL_scaffold_17268_13984_15186_+_DGRs,400,RVT_1+RVT_thumb,1,313,314,400,,,,,,
SRS055982_Baylor_scaffold_6895_4402_5514_-_DGRs,370,RVT_1+RVT_thumb,1,292,293,370,,,,,,
SRS055982_Baylor_scaffold_5011_31824_32846_+_DGRs,340,RVT_1+RVT_thumb,1,267,268,340,,,,,,
SRS055982_Baylor_scaffold_18092_38994_39992_+_DGRs,332,RVT_1+RVT_thumb,1,262,266,332,,,,,,
SRS054956_LANL_scaffold_45565_1380_2501_-_DGRs,373,RVT_1+RVT_thumb,1,270,271,343,,,,,,
SRS054956_LANL_scaffold_43679_5939_7093_-_DGRs,384,RVT_1+RVT_thumb,42,313,314,384,,,,,,
SRS054956_LANL_scaffold_38823_36592_37704_+_DGRs,370,RVT_1+RVT_thumb,1,292,293,370,,,,,,
SRS054956_LANL_scaffold_12271_12549_13784_-_DGRs,411,RVT_1+RVT_thumb,25,320,321,411,,,,,,
SRS053603_LANL_scaffold_49461_2104_3141_+_DGRs,345,RVT_1,1,317,,,,,,,,
SRS053398_LANL_scaffold_3283_158_1477_-_DGRs,439,RVT_1+RVT_thumb+RVT_thumb,1,295,296,367,,,,,,
SRS052697_LANL_scaffold_75585_37692_37892_-_DGRs,66,RVT_1,5,65,,,,,,,,
SRS052697_LANL_scaffold_63124_7949_8566_-_DGRs,205,RVT_1+RVT_thumb,1,133,134,205,,,,,,
SRS052697_LANL_scaffold_46101_20947_22236_+_DGRs,429,RVT_1+RVT_thumb,1,276,281,377,,,,,,
SRS052027_LANL_scaffold_4315_2915_4009_+_DGRs,364,RVT_1+RVT_thumb,1,292,293,364,,,,,,
SRS052027_LANL_scaffold_24753_24311_25816_+_DGRs,501,RVT_1+RVT_thumb,110,359,363,469,,,,,,
SRS052027_LANL_scaffold_24280_44067_45470_+_DGRs,467,RVT_1+RVT_thumb,97,385,386,465,,,,,,
SRS051882_Baylor_scaffold_7329_29977_31167_+_DGRs,396,RVT_1+RVT_thumb,18,313,314,396,,,,,,
SRS051031_LANL_scaffold_8810_38763_39827_-_DGRs,354,RVT_1+RVT_thumb,1,271,272,354,,,,,,
SRS051031_LANL_scaffold_65435_25980_27119_-_DGRs,379,RVT_1+RVT_thumb,1,279,282,356,,,,,,
SRS051031_LANL_scaffold_22143_49953_51170_+_DGRs,405,RVT_1+RVT_thumb,26,300,301,384,,,,,,
SRS051031_LANL_scaffold_12877_20953_22071_+_DGRs,372,RVT_1+RVT_thumb,1,282,283,372,,,,,,
SRS050925_LANL_scaffold_73619_1570_2934_+_DGRs,454,RVT_1+RVT_thumb,39,361,362,454,,,,,,
SRS050925_LANL_scaffold_63133_2774_4099_-_DGRs,441,RVT_1+RVT_thumb,1,269,270,441,,,,,,
SRS050925_LANL_scaffold_59006_1872_2723_-_DGRs,283,RVT_1+RVT_thumb,1,170,197,283,,,,,,
SRS050925_LANL_scaffold_55373_268_1425_-_DGRs,385,RVT_1+RVT_thumb,28,298,302,385,,,,,,
SRS050925_LANL_scaffold_48374_19518_20675_+_DGRs,385,RVT_1+RVT_thumb,28,309,310,384,,,,,,
SRS050925_LANL_scaffold_32081_590_1738_+_DGRs,382,RVT_1+RVT_thumb,1,268,269,354,,,,,,
SRS050925_LANL_scaffold_11621_2560_3741_+_DGRs,393,RVT_1+RVT_thumb,30,304,305,392,,,,,,
SRS050925_LANL_scaffold_10132_4206_5324_-_DGRs,372,RVT_1+RVT_thumb,29,297,303,372,,,,,,
SRS050752_LANL_scaffold_21568_486_1553_+_DGRs,355,RVT_1+RVT_thumb,1,280,281,355,,,,,,
SRS050422_LANL_scaffold_95410_3038_4075_+_DGRs,345,RVT_1+RVT_thumb,1,272,273,345,,,,,,
SRS050422_LANL_scaffold_42845_12213_13340_-_DGRs,375,RVT_1+RVT_thumb,1,304,305,375,,,,,,
SRS050299_LANL_scaffold_5926_40014_41153_+_DGRs,379,RVT_1+RVT_thumb,27,304,307,379,,,,,,
SRS050299_LANL_scaffold_23554_7_1170_-_DGRs,387,RVT_1+RVT_thumb,1,292,293,387,,,,,,
SRS050299_LANL_scaffold_23470_2251_3408_-_DGRs,385,RVT_1+RVT_thumb,1,291,292,379,,,,,,
SRS049995_LANL_scaffold_39136_607_1704_-_DGRs,365,RVT_1+RVT_thumb,1,273,276,365,,,,,,
SRS049959_WUGC_scaffold_51619_2409_3752_+_DGRs,447,RVT_1+RVT_thumb,1,268,269,447,,,,,,
SRS049959_WUGC_scaffold_31150_7393_8523_+_DGRs,376,RVT_1+RVT_thumb,1,309,313,376,,,,,,
SRS049959_WUGC_scaffold_2163_18439_19623_+_DGRs,394,RVT_1+RVT_thumb,1,296,297,394,,,,,,
SRS048870_WUGC_scaffold_13953_4645_5955_-_DGRs,436,RVT_1+RVT_thumb,1,310,311,400,,,,,,
SRS048164_WUGC_scaffold_28697_10870_11973_-_DGRs,367,RVT_1+RVT_thumb,1,269,283,351,,,,,,
SRS048164_WUGC_scaffold_24970_26272_27450_+_DGRs,392,RVT_1+RVT_thumb,1,290,298,367,,,,,,
SRS047044_WUGC_scaffold_29602_2889_4037_-_DGRs,382,RVT_1+RVT_thumb,26,300,301,382,,,,,,
SRS047044_WUGC_scaffold_29536_24474_25859_+_DGRs,461,RVT_1+RVT_thumb,92,383,386,461,,,,,,
SRS047044_WUGC_scaffold_23650_31144_32634_+_DGRs,496,RVT_1+RVT_thumb,127,331,334,496,,,,,,
SRS044373_WUGC_scaffold_24244_39187_40473_+_DGRs,428,RVT_1+RVT_thumb+RVT_thumb+RVT_thumb,1,266,269,331,,,,,,
SRS043701_LANL_scaffold_20843_49421_50764_+_DGRs,447,RVT_1+RVT_thumb,1,268,269,447,,,,,,
SRS043411_WUGC_scaffold_42074_28691_29875_+_DGRs,394,RVT_1+RVT_thumb,14,297,301,394,,,,,,
SRS043001_WUGC_scaffold_43290_3303_4328_-_DGRs,341,RVT_1+RVT_thumb,1,273,274,341,,,,,,
SRS042284_WUGC_scaffold_4374_2013_3437_+_DGRs,474,RVT_1+RVT_thumb,123,386,387,472,,,,,,
SRS024435_LANL_scaffold_33569_3314_4381_+_DGRs,355,RVT_1+RVT_thumb,1,287,292,355,,,,,,
SRS024331_LANL_scaffold_47838_15884_17134_-_DGRs,416,RVT_1+RVT_thumb,1,315,316,416,,,,,,
SRS024265_LANL_scaffold_6549_3188_4225_+_DGRs,345,RVT_1+RVT_thumb,1,272,276,345,,,,,,
SRS024132_Baylor_scaffold_34478_27373_28578_+_DGRs,401,RVT_1+RVT_thumb,1,298,299,401,,,,,,
SRS024132_Baylor_scaffold_33615_7920_8954_+_DGRs,344,RVT_1+RVT_thumb,1,274,275,344,,,,,,
SRS024132_Baylor_scaffold_18469_12481_13551_+_DGRs,356,RVT_1+RVT_thumb,1,285,286,356,,,,,,
SRS024075_LANL_scaffold_16737_4687_5952_-_DGRs,421,RVT_1+RVT_thumb,50,323,324,421,,,,,,
SRS023914_Baylor_scaffold_5263_39443_40603_+_DGRs,386,RVT_1+RVT_thumb,26,300,301,386,,,,,,
SRS023914_Baylor_scaffold_3863_62832_64190_+_DGRs,452,RVT_1+RVT_thumb+RVT_thumb,1,268,359,452,,,,,,
SRS023914_Baylor_scaffold_30401_50835_51782_+_DGRs,315,RVT_1,69,314,,,,,,,,
SRS023914_Baylor_scaffold_20705_4245_5432_-_DGRs,395,RVT_1+RVT_thumb,1,297,298,394,,,,,,
SRS023914_Baylor_scaffold_11213_5707_6966_+_DGRs,419,RVT_1+RVT_thumb,1,314,315,419,,,,,,
SRS023526_Baylor_scaffold_35880_12317_13384_+_DGRs,355,RVT_1+RVT_thumb,1,274,275,355,,,,,,
SRS022609_Baylor_scaffold_90461_1995_3431_-_DGRs,478,RVT_1+RVT_thumb+RVT_thumb,5,315,409,478,,,,,,
SRS022609_Baylor_scaffold_55782_31628_33115_+_DGRs,495,RVT_1+RVT_thumb,140,412,413,495,,,,,,
SRS022609_Baylor_scaffold_27140_1098_2222_+_DGRs,374,RVT_1+RVT_thumb,1,293,294,374,,,,,,
SRS022609_Baylor_scaffold_19029_42032_43504_+_DGRs,490,RVT_1+RVT_thumb,89,374,375,489,,,,,,
SRS020869_Baylor_scaffold_3601_1901_3223_-_DGRs,440,RVT_1+RVT_thumb,1,317,318,440,,,,,,
SRS020328_Baylor_scaffold_37240_1392_2357_-_DGRs,321,RVT_1+RVT_thumb,1,270,271,321,,,,,,
SRS020328_Baylor_scaffold_30660_6865_8013_-_DGRs,382,RVT_1+RVT_thumb,30,297,303,382,,,,,,
SRS019787_WUGC_scaffold_26812_3979_5175_+_DGRs,398,RVT_1+RVT_thumb,1,310,311,397,,,,,,
SRS019787_WUGC_scaffold_25006_7301_8446_+_DGRs,381,RVT_1+RVT_thumb,1,291,292,381,,,,,,
SRS019582_WUGC_scaffold_88355_78_1439_-_DGRs,453,none,,,,,,,,,,
SRS019161_WUGC_scaffold_67361_2444_3550_-_DGRs,368,RVT_1+RVT_thumb,1,273,278,368,,,,,,
SRS019161_WUGC_scaffold_62155_38500_39306_+_DGRs,268,RVT_1+RVT_thumb,8,213,214,268,,,,,,
SRS019030_Baylor_scaffold_39776_1651_2805_+_DGRs,384,RVT_1+RVT_thumb,1,276,277,364,,,,,,
SRS019030_Baylor_scaffold_25174_1883_3268_-_DGRs,461,RVT_1+RVT_thumb,1,327,328,461,,,,,,
SRS018817_WUGC_scaffold_24201_608_1888_+_DGRs,426,RVT_1+RVT_thumb,91,325,329,398,,,,,,
SRS018739_WUGC_scaffold_59882_1847_3019_-_DGRs,390,RVT_1+RVT_thumb,1,302,303,390,,,,,,
SRS018351_Baylor_scaffold_12783_2932_4089_+_DGRs,385,RVT_1+RVT_thumb,28,300,301,385,,,,,,
SRS017821_Baylor_scaffold_7166_737_1879_-_DGRs,380,RVT_1+RVT_thumb,7,289,290,379,,,,,,
SRS017821_Baylor_scaffold_3688_6619_7833_-_DGRs,404,RVT_1+RVT_thumb,1,311,312,393,,,,,,
SRS017701_Baylor_scaffold_17293_6586_7770_+_DGRs,394,RVT_1+RVT_thumb,25,304,305,394,,,,,,
SRS017701_Baylor_scaffold_1224_35458_36963_+_DGRs,501,RVT_1+RVT_thumb+RVT_thumb,31,301,412,501,,,,,,
SRS017433_Baylor_scaffold_19382_33965_35080_+_DGRs,371,RVT_1+RVT_thumb,55,275,279,371,,,,,,
SRS017307_Baylor_scaffold_9532_5816_5992_+_DGRs,58,none,,,,,,,,,,
SRS017307_Baylor_scaffold_4293_84274_84426_-_DGRs,50,RVT_1,16,49,,,,,,,,
SRS017307_Baylor_scaffold_25643_15244_16608_+_DGRs,454,RVT_1+RVT_thumb,86,378,379,454,,,,,,
SRS017247_LANL_scaffold_10233_3104_4153_-_DGRs,349,RVT_1+RVT_thumb,1,275,276,349,,,,,,
SRS016989_Baylor_scaffold_55_10216_11475_-_DGRs,419,RVT_1+RVT_thumb,1,312,313,419,,,,,,
SRS016335_WUGC_scaffold_5786_8757_9767_+_DGRs,336,RVT_1+RVT_thumb,1,274,275,336,,,,,,
SRS016335_WUGC_scaffold_32876_4618_5682_+_DGRs,354,RVT_1+RVT_thumb,6,290,291,354,,,,,,
SRS016095_WUGC_scaffold_7254_4288_5466_+_DGRs,392,RVT_1,113,391,,,,,,,,
SRS016095_WUGC_scaffold_16169_666_1760_-_DGRs,364,RVT_1+RVT_thumb,1,282,283,360,,,,,,
SRS016095_WUGC_scaffold_15302_32936_34024_+_DGRs,362,RVT_1+RVT_thumb,1,292,293,362,,,,,,
SRS016086_WUGC_scaffold_26885_13166_14470_+_DGRs,434,RVT_1+RVT_thumb+RVT_thumb,1,272,273,337,,,,,,
SRS016056_WUGC_scaffold_8658_9925_11127_-_DGRs,400,RVT_1+RVT_thumb,26,310,311,397,,,,,,
SRS016018_WUGC_scaffold_22555_771_1937_-_DGRs,388,RVT_1+RVT_thumb,37,308,309,388,,,,,,
SRS016018_WUGC_scaffold_20700_611_1708_+_DGRs,365,RVT_1+RVT_thumb,1,274,275,365,,,,,,
SRS015854_WUGC_scaffold_29429_674_1912_+_DGRs,412,RVT_1+RVT_thumb,32,317,320,412,,,,,,
SRS015663_WUGC_scaffold_27774_7888_8904_+_DGRs,338,RVT_1+RVT_thumb,1,274,275,338,,,,,,
SRS015663_WUGC_scaffold_16190_8408_9550_-_DGRs,380,RVT_1+RVT_thumb,25,300,301,380,,,,,,
SRS015578_WUGC_scaffold_51480_8420_9616_+_DGRs,398,RVT_1+RVT_thumb,1,310,311,398,,,,,,
SRS015578_WUGC_scaffold_31117_1536_2684_+_DGRs,382,RVT_1+RVT_thumb,1,301,302,382,,,,,,
SRS015264_WUGC_scaffold_3386_7072_8625_+_DGRs,517,RVT_1+RVT_thumb,125,405,414,502,,,,,,
SRS015264_WUGC_scaffold_13311_5680_6900_-_DGRs,406,RVT_1+RVT_thumb,29,310,314,400,,,,,,
SRS015217_WUGC_scaffold_19551_41213_42427_+_DGRs,404,RVT_1+RVT_thumb,1,292,293,404,,,,,,
SRS015190_WUGC_scaffold_24113_48491_49519_-_DGRs,342,RVT_1+RVT_thumb,1,267,268,342,,,,,,
SRS015133_WUGC_scaffold_11890_10137_11411_-_DGRs,424,RVT_1+RVT_thumb,103,336,337,424,,,,,,
SRS014923_WUGC_scaffold_56344_21655_22782_+_DGRs,375,RVT_1+RVT_thumb,1,277,278,364,,,,,,
SRS014683_WUGC_scaffold_50874_3242_4276_+_DGRs,344,RVT_1+RVT_thumb,1,268,273,344,,,,,,
SRS014683_WUGC_scaffold_22791_24481_25629_+_DGRs,382,RVT_1+RVT_thumb,1,286,290,382,,,,,,
SRS014613_WUGC_scaffold_3983_18499_19716_+_DGRs,405,RVT_1+RVT_thumb,8,329,330,405,,,,,,
SRS014459_WUGC_scaffold_93499_3135_4604_+_DGRs,489,RVT_1+RVT_thumb,127,410,411,489,,,,,,
SRS014459_WUGC_scaffold_93237_433_1632_-_DGRs,399,RVT_1+RVT_thumb,1,312,313,398,,,,,,
SRS014459_WUGC_scaffold_47457_5679_6854_-_DGRs,391,RVT_1+RVT_thumb,29,304,305,391,,,,,,
SRS014459_WUGC_scaffold_31762_44691_45914_+_DGRs,407,RVT_1+RVT_thumb,20,311,312,407,,,,,,
SRS014287_WUGC_scaffold_39366_4436_5671_-_DGRs,411,RVT_1+RVT_thumb,1,300,301,379,,,,,,
SRS013951_WUGC_scaffold_69149_41605_43062_+_DGRs,485,RVT_1+RVT_thumb,107,398,401,485,,,,,,
SRS013951_WUGC_scaffold_64263_67_1089_-_DGRs,340,RVT_1+RVT_thumb,1,269,270,340,,,,,,
SRS013951_WUGC_scaffold_59639_5858_6949_-_DGRs,363,RVT_1+RVT_thumb,1,270,273,363,,,,,,
SRS013951_WUGC_scaffold_59596_17797_18816_+_DGRs,339,RVT_1+RVT_thumb,1,269,270,339,,,,,,
SRS013951_WUGC_scaffold_47639_3634_4872_+_DGRs,412,RVT_1+RVT_thumb,1,316,317,412,,,,,,
SRS013687_Baylor_scaffold_43495_33362_34453_+_DGRs,363,RVT_1+RVT_thumb,1,283,284,363,,,,,,
SRS013687_Baylor_scaffold_31928_15732_16988_+_DGRs,419,RVT_1+RVT_1+RVT_thumb,54,231,320,418,,,,,,
SRS013687_Baylor_scaffold_14625_17128_17904_+_DGRs,258,RVT_1+RVT_thumb,1,53,56,258,,,,,,
SRS013542_LANL_scaffold_270_8636_9904_-_DGRs,422,RVT_1+RVT_thumb,74,343,362,422,,,,,,
SRS013521_LANL_scaffold_20661_4120_5280_+_DGRs,386,RVT_1+RVT_thumb,1,300,301,386,,,,,,
SRS012273_Baylor_scaffold_8246_7051_8139_-_DGRs,362,RVT_1+RVT_thumb,1,271,272,361,,,,,,
SRS012273_Baylor_scaffold_34301_5007_6227_-_DGRs,406,RVT_1+RVT_thumb,1,291,292,369,,,,,,
SRS011586_WUGC_scaffold_7434_6789_7886_+_DGRs,365,RVT_1+RVT_thumb,1,279,280,365,,,,,,
SRS011586_WUGC_scaffold_10335_853_1887_+_DGRs,345,RVT_1+RVT_thumb,1,286,289,345,,,,,,
SRS011529_WUGC_scaffold_3649_54852_56147_+_DGRs,431,RVT_1+RVT_thumb,1,283,284,369,,,,,,
SRS011302_Baylor_scaffold_1538_4648_5736_-_DGRs,362,RVT_1+RVT_thumb,34,266,267,348,,,,,,
SRS011243_Baylor_scaffold_48301_4576_5973_-_DGRs,465,RVT_1+RVT_thumb,78,368,371,465,,,,,,
SRS011239_Baylor_scaffold_29301_7560_8786_+_DGRs,408,RVT_1+RVT_thumb,45,333,334,407,,,,,,
C4259500_1497_2537_+_DGRs,346,RVT_1+RVT_thumb,1,267,272,346,,,,,,
C4249812_1280_2308_+_DGRs,342,RVT_1+RVT_thumb,1,279,280,342,,,,,,
C3236803_5175_6317_-_DGRs,380,RVT_1+RVT_thumb,13,310,311,380,,,,,,
C2697151_1444_2499_+_DGRs,351,RVT_1+RVT_thumb,1,275,279,351,,,,,,
C2492782_985_2124_+_DGRs,379,RVT_1+RVT_thumb,26,300,301,378,,,,,,
C2350512_1042_2067_+_DGRs,341,RVT_1+RVT_thumb,1,268,269,341,,,,,,
C2209444_19838_21439_+_DGRs,533,RVT_1+RVT_thumb,120,377,378,461,,,,,,
C2209030_583_2031_-_DGRs,482,RVT_1+RVT_thumb,67,363,364,455,,,,,,
C2197865_1653_2786_+_DGRs,377,RVT_1+RVT_thumb,1,276,281,365,,,,,,
C1935518_1632_2171_+_DGRs,179,RVT_1,8,159,,,,,,,,
C1905524_2953_4005_-_DGRs,350,RVT_1+RVT_thumb,1,272,275,350,,,,,,
C1764656_694_1914_-_DGRs,406,RVT_1+RVT_thumb,1,312,313,406,,,,,,
C1746428_11280_12344_+_DGRs,354,RVT_1+RVT_thumb,1,275,276,354,,,,,,
C1462390_1186_2214_+_DGRs,342,RVT_1+RVT_thumb,1,266,271,342,,,,,,
JQ680367.1_42726_43937_+_DGRs,403,RVT_1+RVT_thumb,46,315,320,403,,,,,,
AMFJ01011991.1_3581_4696_-_DGRs,371,RVT_1+RVT_thumb,1,298,299,371,,,,,,
JWKW01000020.1_540_1625_+_DGRs,361,RVT_1+RVT_thumb,1,274,275,361,,,,,,
ALWB01000040.1_8369_9409_+_DGRs,346,RVT_1+RVT_thumb,1,286,300,346,,,,,,
FP929034.1_1923551_1924786_-_DGRs,411,RVT_1+RVT_thumb,56,278,279,354,,,,,,
LBVH01000036.1_2650_3507_+_DGRs,285,RVT_1+RVT_thumb,1,236,240,285,,,,,,
ADJS01008728.1_4394_5608_+_DGRs,404,RVT_1+RVT_thumb,1,306,307,404,,,,,,
CP001965.1_1972409_1973683_+_DGRs,424,RVT_1+RVT_thumb,95,377,390,424,,,,,,
ACTW01000029.1_174531_175778_-_DGRs,415,RVT_1+RVT_thumb,1,291,292,376,,,,,,
LCES01000001.1_68854_69879_-_DGRs,341,RVT_1+RVT_thumb,1,291,296,341,,,,,,
LCQW01000004.1_25166_26218_-_DGRs,350,RVT_1+RVT_thumb,9,292,295,350,,,,,,
NZ_GL982998.1_553569_554654_-_DGRs,362,RVT_1+RVT_thumb,1,294,295,362,,,,,,
WP_002469143.1_AbiA,621,RVT_1+RVT_thumb,1,290,291,621,,,,,,
WP_009634061.1_AbiA,651,RVT_1+RVT_thumb,1,335,336,651,,,,,,
WP_023191260.1_AbiA,653,RVT_1+RVT_thumb,1,297,298,653,,,,,,
WP_018212776.1_AbiA,626,RVT_1+RVT_thumb,1,297,298,626,,,,,,
EFM26191.1_AbiA,630,RVT_1+RVT_thumb,1,306,307,609,,,,,,
AAA25159.1_AbiA,628,RVT_1+RVT_thumb,1,289,290,628,,,,,,
WP_013740480.1_AbiA,635,RVT_1+RVT_thumb+RVT_thumb,1,300,301,601,,,,,,
WP_023599690.1_AbiA,788,RVT_1+RVT_thumb+RVT_thumb,1,304,305,405,,,,,,
CP038026.1_5552810_5554066_+_G2L,651,RVT_1+RVT_thumb,1,314,315,407,,,,,,
CP004385.1_1408759_1409709_+_G2L,524,RVT_1+RVT_thumb+RVT_thumb,1,215,325,500,,,,,,
CP028901.1_3181383_3182723_-_G2L,511,RVT_1+RVT_thumb,49,345,346,453,,,,,,
CP005587.1_2247168_2248427_+_G2L,656,RVT_1+RVT_thumb,25,309,310,456,,,,,,
CP018369.1_1678395_1679591_-_G2L,546,RVT_1+RVT_thumb+RVT_connect+RVT_thumb,1,297,298,384,489,517,,,,
CP020390.1_3686208_3687404_-_G2L,722,RVT_1+RVT_thumb+RVT_thumb,1,296,450,722,,,,,,
CP020397.1_1076542_1077738_+_G2L,724,RVT_1+RVT_thumb+RVT_thumb+RVT_thumb,1,297,545,638,,,,,,
CP022786.1_1119752_1121029_-_G2L,567,RVT_1+RVT_thumb,29,324,325,424,,,,,,
CP038262.1_2811866_2813086_+_G2L,599,RVT_1+RVT_thumb+RVT_thumb,1,302,303,393,,,,,,
CP040077.1_890709_891905_+_G2L,506,RVT_1+RVT_thumb,1,294,308,395,,,,,,
CP023657.1_1851784_1852992_+_G2L,619,RVT_1+RVT_thumb+RVT_1,1,298,313,389,,,,,,
CP032345.1_2878885_2880129_+_G2L,507,RVT_1+RVT_thumb+RVT_thumb,1,308,426,507,,,,,,
CP019322.1_1283679_1284887_+_G2L,555,RVT_1+RVT_thumb,1,299,300,402,,,,,,
CP015904.1_591623_593425_+_NewM_AbiK,600,RVT_1+RVT_thumb,1,292,293,600,,,,,,
CP032635.1_1810101_1811897_-_NewM_AbiK,598,RVT_1+RVT_thumb,1,300,301,598,,,,,,
CP009048.1_1173248_1174513_-_NewM_G2L4,421,RVT_1+RVT_thumb,1,296,308,421,,,,,,
CP018758.1_4241885_4243159_+_NewM_G2L4,424,RVT_1+RVT_thumb,1,296,308,424,,,,,,
CP024712.1_5764833_5765819_+_NewM_G2L4,329,RVT_1,1,295,,,,,,,,
CP010610.1_188353_190095_+_NewM_G2L4,580,RVT_1+RVT_thumb+RNase_H,1,296,307,404,,,437,566,,
AP019701.1_1430965_1432668_+_NewM_G2L4,567,RVT_1+RVT_thumb+RNase_H,1,295,305,401,,,434,565,,
CP009507.1_2260371_2261609_-_NewM_CRISPR,412,RVT_1+GIIM,104,324,,,,,,,360,407
CP009520.1_293191_294351_+_NewM_CRISPR,386,RVT_1+RVT_thumb,1,302,313,380,,,,,,
CP009514.1_3300128_3301252_+_NewM_CRISPR,374,RVT_1+RVT_thumb,3,279,307,363,,,,,,
SOD41170.1_G2L,383,RVT_1+RVT_thumb,10,280,291,383,,,,,,
PFH20450.1_G2L,420,RVT_1+RVT_thumb,11,318,319,420,,,,,,
SAK23902.1_G2L,316,RVT_1+RVT_thumb,1,215,216,316,,,,,,
WP_092414825.1_G2L,399,RVT_1+RVT_thumb,1,296,297,399,,,,,,
WP_081926074.1_G2L,398,RVT_1+RVT_thumb,1,297,298,398,,,,,,
SFJ98198.1_G2L,378,RVT_1+RVT_thumb,2,275,276,378,,,,,,
WP_002069401.1_G2L,406,RVT_1+RVT_thumb,1,301,302,406,,,,,,
EFI52015.1_G2L,387,RVT_1+RVT_thumb,2,299,315,387,,,,,,
WP_059273163.1_G2L,401,RVT_1+RVT_thumb,1,297,298,401,,,,,,
WP_046739911.1_G2L,399,RVT_1+RVT_thumb,1,297,298,399,,,,,,
WP_055414610.1_G2L,408,RVT_1+RVT_thumb,1,297,298,408,,,,,,
WP_031977679.1_G2L,398,RVT_1+RVT_thumb,1,295,299,398,,,,,,
WP_005404755.1_G2L,398,RVT_1+RVT_thumb,1,298,299,398,,,,,,
WP_073312471.1_G2L,423,RVT_1+RVT_thumb,1,294,302,382,,,,,,
CRK55203.1_G2L,271,RVT_1+RVT_1,73,270,,,,,,,,
WP_073483196.1_G2L,259,RVT_1,63,258,,,,,,,,
WP_072029177.1_G2L,259,RVT_1,63,258,,,,,,,,
ASO21575.1_G2L,234,RVT_1,36,233,,,,,,,,
WP_075849433.1_G2L,259,RVT_1,63,258,,,,,,,,
CNG50486.1_G2L,232,RVT_1,35,231,,,,,,,,
KWW98578.1_G2L,232,RVT_1,36,231,,,,,,,,
CCA58983.1_G2L,267,RVT_1+RVT_1,71,266,,,,,,,,
WP_078983422.1_G2L,266,RVT_1,3,265,,,,,,,,
CCH17786.1_G2L,266,RVT_1+RVT_1,68,265,,,,,,,,
PKV73035.1_G2L,315,RVT_1,119,314,,,,,,,,
ETR70225.1_G2L,260,RVT_1,1,259,,,,,,,,
NP_811761.1_G2L,337,RVT_1+RVT_thumb+RVT_1+RVT_thumb,133,181,182,277,,,,,,
ATI12522.1_G2L,402,RVT_1+RVT_thumb,1,300,301,402,,,,,,
OTG72349.1_G2L,413,RVT_1+RVT_thumb,1,314,315,413,,,,,,
SOB75353.1_G2L,393,RVT_1+RVT_thumb,1,292,293,393,,,,,,
EKA88804.1_G2L,424,RVT_1+RVT_thumb,1,292,301,380,,,,,,
KRD11792.1_G2L,428,RVT_1+RVT_thumb,1,295,296,428,,,,,,
EHB91710.1_G2L,443,RVT_1+RVT_thumb,1,304,305,412,,,,,,
SHH90620.1_G2L,432,RVT_1+RVT_thumb,1,303,304,394,,,,,,
ZP_08470761.1_G2L,416,RVT_1+RVT_thumb,1,293,302,377,,,,,,
OJI07300.1_G2L,420,RVT_1+RVT_thumb,1,297,301,420,,,,,,
OGW91992.1_G2L,437,RVT_1+RVT_thumb,1,287,290,391,,,,,,
PIQ87175.1_G2L,434,RVT_1+RVT_thumb,1,287,290,390,,,,,,
KOY81891.1_G2L,475,RVT_1+RVT_thumb,1,319,320,475,,,,,,
PFG50180.1_G2L,327,RVT_1,132,326,,,,,,,,
CP002739.1_1837008_1837916_-_NewM_AbiA,302,RVT_1,1,301,,,,,,,,
CP008876.1_32732_34618_+_NewM_AbiA,628,RVT_1+RVT_thumb,1,289,290,628,,,,,,
CP013689.1_814755_816683_+_NewM_AbiA,642,RVT_1+RVT_thumb,3,311,312,642,,,,,,
CP022930.1_1380780_1382675_+_NewM_AbiA,631,RVT_1+RVT_thumb,1,293,294,631,,,,,,
CP029476.1_1338445_1340370_-_NewM_AbiA,641,RVT_1+RVT_thumb,1,308,309,641,,,,,,
CP032418.1_82456_83901_+_NewM_AbiA,481,RVT_1+RVT_thumb,1,291,292,481,,,,,,
CP033045.1_402703_404148_-_NewM_AbiA,481,RVT_1+RVT_thumb,1,287,288,481,,,,,,
CP045711.1_3910484_3911920_-_NewM_AbiA,478,RVT_1+RVT_thumb,1,284,285,478,,,,,,
CP043644.1_3695891_3697876_+_NewM_AbiA,661,RVT_1+RVT_thumb,8,348,349,661,,,,,,
LR134264.1_35945_37807_+_NewM_AbiA,620,RVT_1+RVT_thumb,1,290,291,620,,,,,,
7V9U|chain_A|E.coli_retron-Ec86_(RT-msDNA-RNA)|bound|3.2A|309aa|RNA-directed_DNA_polymerase_from_retron_EC86,309,RVT_1+RVT_thumb,1,248,249,309,,,,,,
9D5X|chain_A|group-2_intron|unbound|2.61A|392aa|Group_II_intron-like_4_reverse_transcriptase,392,RVT_1+RVT_thumb,1,276,284,392,,,,,,
6AR1|chain_A|group-2_intron|bound|3.01A|417aa|GsI-IIC_RT,417,RVT_1+GIIM,65,272,,,,,,,289,366
6AR3|chain_D|group-2_intron|bound|3.41A|419aa|GsI-IIC_RT,419,RVT_1+GIIM,65,272,,,,,,,289,366
7UIN|chain_D|group-2_intron|bound|2.8A|387aa|Group_II_intron_reverse_transcriptase/maturase,387,RVT_1+RVT_thumb,1,244,245,387,,,,,,
5HHL|chain_A|group-2_intron|unbound|2.1A|292aa|Retron-type_reverse_transcriptase,292,RVT_1,1,282,,,,,,,,
1HMV|chain_A|hiv-1|unbound|3.2A|536aa|HIV-1_REVERSE_TRANSCRIPTASE_(SUBUNIT_P66),536,RVT_1+RVT_thumb+RVT_connect+RNase_H,1,216,223,285,300,401,420,536,,
2JLE|chain_A|hiv-1|bound|2.9A|545aa|REVERSE_TRANSCRIPTASE/RNASEH,545,RVT_1+RVT_thumb+RVT_connect+RNase_H,1,234,241,313,318,420,438,545,,
1HVU|chain_A|hiv-1|bound|4.75A|554aa|PROTEIN_(HIV-1_REVERSE_TRANSCRIPTASE),554,RVT_1+RVT_thumb+RVT_connect+RNase_H,1,234,241,303,318,419,438,554,,
1RTD|chain_A|hiv-1|unbound|3.2A|554aa|PROTEIN_(REVERSE_TRANSCRIPTASE),554,RVT_1+RVT_thumb+RVT_connect+RNase_H,1,234,241,313,318,419,438,554,,
3KLF|chain_A|hiv-1|bound|3.15A|553aa|Reverse_transcriptase/ribonuclease_H,553,RVT_1+RVT_thumb+RVT_connect+RNase_H,1,233,240,302,317,418,437,553,,
3T19|chain_A|hiv-1|bound_to_ligand|2.6A|554aa|Reverse_Transcriptase,554,RVT_1+RVT_thumb+RVT_connect+RNase_H,1,231,238,309,315,416,435,554,,
3ITH|chain_A|hiv-1|bound_to_ligand|2.8A|556aa|Reverse_transcriptase/ribonuclease_H,556,RVT_1+RVT_thumb+RVT_connect+RNase_H,1,234,241,312,318,419,438,556,,
1NND|chain_A|mmlv|bound|2.3A|251aa|Reverse_Transcriptase,251,RVT_1,1,250,,,,,,,,
3FSI|chain_A|mmlv|bound|1.75A|248aa|Reverse_transcriptase_domain,248,RVT_1,1,245,,,,,,,,
1ZTT|chain_A|mmlv_catalytic_fragment|bound|1.85A|255aa|Reverse_transcriptase,255,RVT_1,1,252,,,,,,,,
1MML|chain_A|mmlv_catalytic_fragment|unbound|1.8A|251aa|MMLV_REVERSE_TRANSCRIPTASE,251,RVT_1,1,250,,,,,,,,
3T1A|chain_A|mutated_hiv-1_(K103N)|bound_to_ligand|2.4A|554aa|Reverse_Transcriptase,554,RVT_1+RVT_thumb+RVT_connect+RNase_H,1,231,238,300,315,416,435,554,,
9VHE|chain_A|retron_ec78_rt|bound|2.5A|273aa|Retron_Ec78_reverse_transcriptase,273,RVT_1+RVT_thumb,1,209,210,273,,,,,,
6USP|chain_A|retron_ec78_rt|bound|3.56A|596aa|Telomerase_reverse_transcriptase,596,RVT_1+RVT_thumb,108,396,397,595,,,,,,
4OL8|chain_B|retrotransposon|bound|3.1A|452aa|Reverse_transcriptase/ribonuclease_H,452,RVT_1+RVT_thumb+RVT_connect+RNase_H,7,245,246,329,349,398,399,423,,
8WUV|chain_E|SpCas9-MMLV_RT-pegRNA-target_DNA_complex_(elongation_16-nt)|bound|3A|453aa|Gag-Pol_polyprotein,453,RVT_1+RVT_thumb+RVT_connect,1,252,253,338,339,453,,,,
8YGJ|chain_E|SpCas9-MMLV_RT-pegRNA-target_DNA_complex_(elongation_28-nt)|bound|3.2A|451aa|Gag-Pol_polyprotein,451,RVT_1+RVT_thumb+RVT_connect,1,252,253,338,339,451,,,,
4MH8_1|Chain,652,RVT_1+RVT_thumb+RVT_connect+RNase_H,1,256,257,342,343,477,478,652,,
AFY36037.1_DGRs_63_158,94,RVT_1,1,93,,,,,,,,
EPL03927.1_DGRs_70_288,215,RVT_1,1,214,,,,,,,,
EPR35614.1_DGRs_74_259,184,RVT_1,1,183,,,,,,,,
YP_003167541.1_DGRs_72_273,200,RVT_1,1,199,,,,,,,,
YP_003168291.1_DGRs_71_249,176,RVT_1,1,175,,,,,,,,
YP_003524569.1_DGRs_49_261,210,RVT_1,1,209,,,,,,,,
YP_004264927.1_DGRs_90_278,187,RVT_1,1,186,,,,,,,,
YP_419823.1_DGRs_166_385,217,RVT_1,1,216,,,,,,,,
ZP_00590553.1_DGRs_71_272,199,RVT_1,1,198,,,,,,,,
ZP_00590605.1_DGRs_89_266,176,RVT_1,1,175,,,,,,,,
ZP_01660954.1_DGRs_96_313,215,RVT_1,1,214,,,,,,,,
8GH6_1|Chain,1114,RVT_1,450,706,,,,,,,,
