accession,length,n_domains,domains_present,domain_coords
A0A010REZ4,418,2,"RVT_1,GIIM",RVT_1:64-269;GIIM:287-364
A0A010RIR7,438,2,"RVT_1,GIIM",RVT_1:95-301;GIIM:318-393
A0A010RQ20,278,2,"RVT_1,GIIM",RVT_1:2-141;GIIM:158-233
A0A010RYY2,565,2,"RVT_1,GIIM",RVT_1:115-328;GIIM:344-422
A0A010SLH7,438,2,"RVT_1,GIIM",RVT_1:95-301;GIIM:318-392
A0A010SUB9,243,2,"RVT_1,GIIM",RVT_1:19-84;GIIM:102-179
A0A010SZI0,419,2,"RVT_1,GIIM",RVT_1:68-287;GIIM:313-388
A0A010TBL9,438,2,"RVT_1,GIIM",RVT_1:95-301;GIIM:318-393
A0A011N328,455,2,"RVT_1,GIIM",RVT_1:111-316;GIIM:335-407
A0A011NS48,260,2,"RVT_1,GIIM",RVT_1:19-113;GIIM:129-206
A0A011NVZ0,397,2,"RVT_1,GIIM",RVT_1:53-258;GIIM:277-351
A0A011QLJ0,269,2,"RVT_1,GIIM",RVT_1:21-142;GIIM:165-235
A0A011QME3,445,2,"RVT_1,GIIM",RVT_1:97-318;GIIM:341-411
A0A014MTX9,1952,2,"RVT_1,RNase_H",RVT_1:1209-1454;RNase_H:1676-1804
A0A014MUQ0,766,2,"RVT_1,RNase_H",RVT_1:105-213;RNase_H:477-611
A0A014MVQ3,998,2,"RVT_1,RNase_H",RVT_1:241-490;RNase_H:681-819
A0A014N4R2,1768,2,"RVT_1,RNase_H",RVT_1:1022-1272;RNase_H:1497-1625
A0A014P1Z3,663,2,"RVT_1,RNase_H",RVT_1:188-276;RNase_H:494-622
A0A014P3B7,1754,2,"RVT_1,RNase_H",RVT_1:1000-1250;RNase_H:1474-1603
A0A014P427,577,2,"RVT_1,GIIM",RVT_1:116-333;GIIM:349-427
A0A014QPF3,666,2,"RVT_1,RNase_H",RVT_1:1-167;RNase_H:386-515
A0A014QRQ8,1791,2,"RVT_1,RNase_H",RVT_1:761-1010;RNase_H:1236-1364
A0A015IIN7,789,2,"RVT_1,RNase_H",RVT_1:32-182;RNase_H:623-761
A0A015IKL2,1621,2,"RVT_1,RNase_H",RVT_1:609-884;RNase_H:1379-1513
A0A015IWC3,1296,2,"RVT_1,RNase_H",RVT_1:269-549;RNase_H:1012-1133
A0A015J6N5,1428,2,"RVT_1,RNase_H",RVT_1:153-408;RNase_H:911-1049
A0A015J765,1605,2,"RVT_1,RNase_H",RVT_1:464-710;RNase_H:1165-1305
A0A015JPT6,1983,2,"RVT_1,RNase_H",RVT_1:710-976;RNase_H:1466-1604
A0A015JTC8,1290,2,"RVT_1,RNase_H",RVT_1:341-615;RNase_H:1032-1177
A0A015JWI2,1464,2,"RVT_1,RNase_H",RVT_1:361-643;RNase_H:1069-1165
A0A015JWJ5,1805,2,"RVT_1,RNase_H",RVT_1:623-868;RNase_H:1381-1520
A0A015K9V1,860,2,"RVT_1,RNase_H",RVT_1:93-368;RNase_H:704-841
A0A015KIU6,1218,2,"RVT_1,RNase_H",RVT_1:361-643;RNase_H:1034-1179
A0A015KJC4,1703,2,"RVT_1,RNase_H",RVT_1:531-813;RNase_H:1292-1389
A0A015KZ37,1036,2,"RVT_1,RNase_H",RVT_1:34-181;RNase_H:580-715
A0A015L7Z6,1613,2,"RVT_1,RNase_H",RVT_1:361-640;RNase_H:1131-1271
A0A015LM68,1080,2,"RVT_1,RNase_H",RVT_1:19-245;RNase_H:711-818
A0A015M032,1112,2,"RVT_1,RNase_H",RVT_1:197-432;RNase_H:937-1077
A0A015MVU7,1027,2,"RVT_1,RNase_H",RVT_1:3-143;RNase_H:555-696
A0A015MY43,1734,2,"RVT_1,RNase_H",RVT_1:841-1086;RNase_H:1476-1606
A0A015TZX2,550,2,"RVT_1,GIIM",RVT_1:114-331;GIIM:348-425
A0A015VAF0,551,2,"RVT_1,GIIM",RVT_1:114-331;GIIM:347-425
A0A015VYS6,553,2,"RVT_1,GIIM",RVT_1:114-331;GIIM:348-425
A0A015X4I6,558,2,"RVT_1,GIIM",RVT_1:114-331;GIIM:347-425
A0A015X4Q0,555,2,"RVT_1,GIIM",RVT_1:114-331;GIIM:348-425
A0A015XBD8,553,2,"RVT_1,GIIM",RVT_1:114-331;GIIM:348-425
A0A015Y6Y4,555,2,"RVT_1,GIIM",RVT_1:114-331;GIIM:348-425
A0A016ASB7,550,2,"RVT_1,GIIM",RVT_1:114-331;GIIM:348-425
A0A016BNY0,368,2,"RVT_1,GIIM",RVT_1:1-144;GIIM:161-238
A0A017RR61,311,2,"RVT_1,GIIM",RVT_1:1-165;GIIM:182-259
A0A017SUV6,463,2,"RVT_1,GIIM",RVT_1:90-298;GIIM:318-389
A0A023EWA3,1004,2,"RVT_1,RNase_H",RVT_1:286-539;RNase_H:728-853
A0A023EX80,1194,2,"RVT_1,RNase_H",RVT_1:481-728;RNase_H:891-1021
A0A023EXD6,1239,2,"RVT_1,RNase_H",RVT_1:492-736;RNase_H:956-1082
A0A023EY06,1258,2,"RVT_1,RNase_H",RVT_1:525-776;RNase_H:994-1114
A0A023EZZ1,1213,2,"RVT_1,RNase_H",RVT_1:480-731;RNase_H:949-1069
A0A023F0B9,1145,2,"RVT_1,RNase_H",RVT_1:416-663;RNase_H:881-1001
A0A023HI15,1000,4,"RVT_1,RVT_thumb,RVT_connect,RNase_H",RVT_1:215-386;RVT_thumb:393-455;RVT_connect:470-571;RNase_H:590-708
A0A023HI37,1000,4,"RVT_1,RVT_thumb,RVT_connect,RNase_H",RVT_1:215-386;RVT_thumb:393-455;RVT_connect:470-571;RNase_H:590-708
A0A023IZ82,385,2,"RVT_1,RVT_thumb",RVT_1:181-352;RVT_thumb:359-385
A0A023IZ83,398,2,"RVT_1,RVT_thumb",RVT_1:194-365;RVT_thumb:372-398
A0A023IZ84,390,2,"RVT_1,RVT_thumb",RVT_1:186-357;RVT_thumb:364-390
A0A023IZ85,390,2,"RVT_1,RVT_thumb",RVT_1:186-357;RVT_thumb:364-390
A0A023IZ86,390,2,"RVT_1,RVT_thumb",RVT_1:186-357;RVT_thumb:364-390
A0A023IZ87,390,2,"RVT_1,RVT_thumb",RVT_1:186-357;RVT_thumb:364-390
A0A023IZ88,390,2,"RVT_1,RVT_thumb",RVT_1:186-357;RVT_thumb:365-390
A0A023IZ89,390,2,"RVT_1,RVT_thumb",RVT_1:186-357;RVT_thumb:364-390
A0A023IZ90,390,2,"RVT_1,RVT_thumb",RVT_1:186-357;RVT_thumb:364-390
A0A023IZ91,390,2,"RVT_1,RVT_thumb",RVT_1:186-357;RVT_thumb:364-390
A0A023IZ92,390,2,"RVT_1,RVT_thumb",RVT_1:186-357;RVT_thumb:364-390
A0A023IZ93,390,2,"RVT_1,RVT_thumb",RVT_1:186-357;RVT_thumb:364-390
A0A023IZ94,390,2,"RVT_1,RVT_thumb",RVT_1:186-357;RVT_thumb:364-390
A0A023IZ95,398,2,"RVT_1,RVT_thumb",RVT_1:194-365;RVT_thumb:372-398
A0A023IZ96,390,2,"RVT_1,RVT_thumb",RVT_1:186-357;RVT_thumb:364-390
A0A023IZ98,390,2,"RVT_1,RVT_thumb",RVT_1:186-357;RVT_thumb:364-390
A0A023IZA0,390,2,"RVT_1,RVT_thumb",RVT_1:186-357;RVT_thumb:364-390
A0A023IZA2,390,2,"RVT_1,RVT_thumb",RVT_1:186-357;RVT_thumb:364-390
A0A023IZB6,375,2,"RVT_1,RVT_thumb",RVT_1:171-342;RVT_thumb:349-375
A0A023IZB9,398,2,"RVT_1,RVT_thumb",RVT_1:194-365;RVT_thumb:372-398
A0A023IZC2,390,2,"RVT_1,RVT_thumb",RVT_1:186-357;RVT_thumb:364-390
A0A023IZC4,390,2,"RVT_1,RVT_thumb",RVT_1:186-357;RVT_thumb:364-390
A0A023IZC8,390,2,"RVT_1,RVT_thumb",RVT_1:186-357;RVT_thumb:364-390
A0A023IZD1,390,2,"RVT_1,RVT_thumb",RVT_1:186-357;RVT_thumb:364-390
A0A023IZD4,390,2,"RVT_1,RVT_thumb",RVT_1:186-357;RVT_thumb:364-390
A0A023IZD7,390,2,"RVT_1,RVT_thumb",RVT_1:186-357;RVT_thumb:364-390
A0A023IZE0,390,2,"RVT_1,RVT_thumb",RVT_1:186-357;RVT_thumb:364-390
A0A023IZE4,390,2,"RVT_1,RVT_thumb",RVT_1:186-357;RVT_thumb:364-390
A0A023IZE6,390,2,"RVT_1,RVT_thumb",RVT_1:186-357;RVT_thumb:364-390
A0A023IZF0,390,2,"RVT_1,RVT_thumb",RVT_1:186-357;RVT_thumb:364-390
A0A023IZF3,390,2,"RVT_1,RVT_thumb",RVT_1:186-357;RVT_thumb:364-390
A0A023IZF6,390,2,"RVT_1,RVT_thumb",RVT_1:186-357;RVT_thumb:364-390
A0A023IZF8,397,2,"RVT_1,RVT_thumb",RVT_1:193-364;RVT_thumb:371-397
A0A023IZG1,390,2,"RVT_1,RVT_thumb",RVT_1:186-357;RVT_thumb:364-390
A0A023IZG4,390,2,"RVT_1,RVT_thumb",RVT_1:186-357;RVT_thumb:364-390
A0A023IZG6,390,2,"RVT_1,RVT_thumb",RVT_1:186-357;RVT_thumb:364-390
A0A023IZG9,390,2,"RVT_1,RVT_thumb",RVT_1:186-357;RVT_thumb:364-390
A0A023IZR2,398,2,"RVT_1,RVT_thumb",RVT_1:194-365;RVT_thumb:372-398
A0A023IZR6,390,2,"RVT_1,RVT_thumb",RVT_1:186-357;RVT_thumb:364-390
A0A023IZS0,390,2,"RVT_1,RVT_thumb",RVT_1:186-357;RVT_thumb:364-390
A0A023IZS4,390,2,"RVT_1,RVT_thumb",RVT_1:186-357;RVT_thumb:364-390
A0A023IZS7,390,2,"RVT_1,RVT_thumb",RVT_1:186-357;RVT_thumb:364-390
A0A023IZT0,390,2,"RVT_1,RVT_thumb",RVT_1:186-357;RVT_thumb:364-390
A0A023IZT4,390,2,"RVT_1,RVT_thumb",RVT_1:186-357;RVT_thumb:364-390
A0A023IZT8,398,2,"RVT_1,RVT_thumb",RVT_1:194-365;RVT_thumb:372-398
A0A023IZU1,390,2,"RVT_1,RVT_thumb",RVT_1:186-357;RVT_thumb:364-390
A0A023IZU4,390,2,"RVT_1,RVT_thumb",RVT_1:186-357;RVT_thumb:364-390
A0A023IZU7,390,2,"RVT_1,RVT_thumb",RVT_1:186-357;RVT_thumb:364-390
A0A023IZV1,390,2,"RVT_1,RVT_thumb",RVT_1:186-357;RVT_thumb:364-390
A0A023IZV4,390,2,"RVT_1,RVT_thumb",RVT_1:186-357;RVT_thumb:364-390
A0A023IZV7,390,2,"RVT_1,RVT_thumb",RVT_1:186-357;RVT_thumb:364-390
A0A023IZV9,390,2,"RVT_1,RVT_thumb",RVT_1:186-357;RVT_thumb:364-390
A0A023IZW3,390,2,"RVT_1,RVT_thumb",RVT_1:186-357;RVT_thumb:364-390
A0A023IZW6,390,2,"RVT_1,RVT_thumb",RVT_1:186-357;RVT_thumb:364-390
A0A023IZW9,390,2,"RVT_1,RVT_thumb",RVT_1:186-357;RVT_thumb:364-390
A0A023J0C2,396,2,"RVT_1,RVT_thumb",RVT_1:192-363;RVT_thumb:370-395
A0A023J0C4,391,2,"RVT_1,RVT_thumb",RVT_1:187-358;RVT_thumb:365-391
A0A023J0C6,390,2,"RVT_1,RVT_thumb",RVT_1:186-357;RVT_thumb:364-390
A0A023J0C8,390,2,"RVT_1,RVT_thumb",RVT_1:186-357;RVT_thumb:364-390
A0A023J0D0,390,2,"RVT_1,RVT_thumb",RVT_1:186-357;RVT_thumb:364-390
A0A023J0D2,390,2,"RVT_1,RVT_thumb",RVT_1:186-357;RVT_thumb:364-390
A0A023J0D5,390,2,"RVT_1,RVT_thumb",RVT_1:186-357;RVT_thumb:364-390
A0A023J0D7,390,2,"RVT_1,RVT_thumb",RVT_1:186-357;RVT_thumb:364-390
A0A023J0D9,390,2,"RVT_1,RVT_thumb",RVT_1:186-357;RVT_thumb:364-390
A0A023J0E2,396,2,"RVT_1,RVT_thumb",RVT_1:192-363;RVT_thumb:370-396
A0A023J0E4,390,2,"RVT_1,RVT_thumb",RVT_1:186-357;RVT_thumb:364-390
A0A023J0E6,390,2,"RVT_1,RVT_thumb",RVT_1:186-357;RVT_thumb:364-390
A0A023J0E8,393,2,"RVT_1,RVT_thumb",RVT_1:189-360;RVT_thumb:367-393
A0A023J0F0,390,2,"RVT_1,RVT_thumb",RVT_1:186-357;RVT_thumb:364-390
A0A023J0F2,390,2,"RVT_1,RVT_thumb",RVT_1:186-357;RVT_thumb:364-390
A0A023J0F4,389,2,"RVT_1,RVT_thumb",RVT_1:185-356;RVT_thumb:363-389
A0A023J0F6,390,2,"RVT_1,RVT_thumb",RVT_1:186-357;RVT_thumb:364-390
A0A023J0G0,398,2,"RVT_1,RVT_thumb",RVT_1:194-365;RVT_thumb:372-398
A0A023J0T3,397,2,"RVT_1,RVT_thumb",RVT_1:193-364;RVT_thumb:371-397
A0A023J0T6,390,2,"RVT_1,RVT_thumb",RVT_1:186-357;RVT_thumb:364-390
A0A023J0T8,390,2,"RVT_1,RVT_thumb",RVT_1:186-357;RVT_thumb:364-390
A0A023J0U0,390,2,"RVT_1,RVT_thumb",RVT_1:186-357;RVT_thumb:364-390
A0A023J0U2,390,2,"RVT_1,RVT_thumb",RVT_1:186-357;RVT_thumb:364-390
A0A023J0U4,390,2,"RVT_1,RVT_thumb",RVT_1:186-357;RVT_thumb:364-390
A0A023J0U6,390,2,"RVT_1,RVT_thumb",RVT_1:186-357;RVT_thumb:364-390
A0A023J0U8,390,2,"RVT_1,RVT_thumb",RVT_1:186-357;RVT_thumb:364-390
A0A023J0V0,390,2,"RVT_1,RVT_thumb",RVT_1:186-357;RVT_thumb:364-390
A0A023J0V2,390,2,"RVT_1,RVT_thumb",RVT_1:186-357;RVT_thumb:364-390
A0A023J0V4,390,2,"RVT_1,RVT_thumb",RVT_1:186-357;RVT_thumb:364-390
A0A023J0V5,390,2,"RVT_1,RVT_thumb",RVT_1:186-357;RVT_thumb:364-390
A0A023J0V6,390,2,"RVT_1,RVT_thumb",RVT_1:186-357;RVT_thumb:364-390
A0A023J0V8,390,2,"RVT_1,RVT_thumb",RVT_1:186-357;RVT_thumb:364-390
A0A023J0W0,390,2,"RVT_1,RVT_thumb",RVT_1:186-357;RVT_thumb:364-390
A0A023J0W3,390,2,"RVT_1,RVT_thumb",RVT_1:186-357;RVT_thumb:364-390
A0A023J0W7,390,2,"RVT_1,RVT_thumb",RVT_1:186-357;RVT_thumb:364-390
A0A023J0W8,390,2,"RVT_1,RVT_thumb",RVT_1:186-357;RVT_thumb:364-390
A0A023NEB6,470,2,"RVT_1,RVT_thumb",RVT_1:211-382;RVT_thumb:389-451
A0A023NEC2,470,2,"RVT_1,RVT_thumb",RVT_1:211-382;RVT_thumb:389-451
A0A023NEC7,470,2,"RVT_1,RVT_thumb",RVT_1:211-382;RVT_thumb:389-451
A0A023NED2,470,2,"RVT_1,RVT_thumb",RVT_1:211-382;RVT_thumb:389-451
A0A023NED9,470,2,"RVT_1,RVT_thumb",RVT_1:211-382;RVT_thumb:389-451
A0A023NEE4,470,2,"RVT_1,RVT_thumb",RVT_1:211-382;RVT_thumb:389-451
A0A023NEE9,470,2,"RVT_1,RVT_thumb",RVT_1:211-382;RVT_thumb:389-451
A0A023NEF5,470,2,"RVT_1,RVT_thumb",RVT_1:211-382;RVT_thumb:389-451
A0A023NEG2,470,2,"RVT_1,RVT_thumb",RVT_1:211-382;RVT_thumb:389-451
A0A023NEG7,470,2,"RVT_1,RVT_thumb",RVT_1:211-382;RVT_thumb:389-451
A0A023NEH3,470,2,"RVT_1,RVT_thumb",RVT_1:211-382;RVT_thumb:389-451
A0A023NEH8,470,2,"RVT_1,RVT_thumb",RVT_1:211-382;RVT_thumb:389-451
A0A023NEI5,470,2,"RVT_1,RVT_thumb",RVT_1:211-382;RVT_thumb:389-451
A0A023NEI9,470,2,"RVT_1,RVT_thumb",RVT_1:211-382;RVT_thumb:389-451
A0A023NEJ3,470,2,"RVT_1,RVT_thumb",RVT_1:211-382;RVT_thumb:389-451
A0A023NEJ7,470,2,"RVT_1,RVT_thumb",RVT_1:211-382;RVT_thumb:389-451
A0A023NEK4,470,2,"RVT_1,RVT_thumb",RVT_1:211-382;RVT_thumb:389-451
A0A023NEL0,470,2,"RVT_1,RVT_thumb",RVT_1:211-382;RVT_thumb:389-451
A0A023NEL5,470,2,"RVT_1,RVT_thumb",RVT_1:211-382;RVT_thumb:389-451
A0A023NEM0,470,2,"RVT_1,RVT_thumb",RVT_1:211-382;RVT_thumb:389-451
A0A023NEM6,470,2,"RVT_1,RVT_thumb",RVT_1:211-382;RVT_thumb:389-451
A0A023NEN2,470,2,"RVT_1,RVT_thumb",RVT_1:211-382;RVT_thumb:389-451
A0A023NEQ5,470,2,"RVT_1,RVT_thumb",RVT_1:211-382;RVT_thumb:389-451
A0A023NES0,470,2,"RVT_1,RVT_thumb",RVT_1:211-382;RVT_thumb:389-451
A0A023NES5,470,2,"RVT_1,RVT_thumb",RVT_1:211-382;RVT_thumb:389-451
A0A023NES8,470,2,"RVT_1,RVT_thumb",RVT_1:211-382;RVT_thumb:389-451
A0A023NES9,470,2,"RVT_1,RVT_thumb",RVT_1:211-382;RVT_thumb:389-451
A0A023NET3,470,2,"RVT_1,RVT_thumb",RVT_1:211-382;RVT_thumb:389-451
A0A023NET5,470,2,"RVT_1,RVT_thumb",RVT_1:211-382;RVT_thumb:389-451
A0A023NET8,470,2,"RVT_1,RVT_thumb",RVT_1:211-382;RVT_thumb:389-451
A0A023NET9,470,2,"RVT_1,RVT_thumb",RVT_1:211-382;RVT_thumb:389-451
A0A023NEU2,470,2,"RVT_1,RVT_thumb",RVT_1:211-382;RVT_thumb:389-451
A0A023NEU5,470,2,"RVT_1,RVT_thumb",RVT_1:211-382;RVT_thumb:389-451
A0A023NEU6,470,2,"RVT_1,RVT_thumb",RVT_1:211-382;RVT_thumb:389-451
A0A023NEU9,470,2,"RVT_1,RVT_thumb",RVT_1:211-382;RVT_thumb:389-451
A0A023NEV1,470,2,"RVT_1,RVT_thumb",RVT_1:211-382;RVT_thumb:389-451
A0A023NEV2,470,2,"RVT_1,RVT_thumb",RVT_1:211-382;RVT_thumb:389-451
A0A023NEV6,470,2,"RVT_1,RVT_thumb",RVT_1:211-382;RVT_thumb:389-451
A0A023NEV7,470,2,"RVT_1,RVT_thumb",RVT_1:211-382;RVT_thumb:389-451
A0A023NEV9,470,2,"RVT_1,RVT_thumb",RVT_1:211-382;RVT_thumb:389-451
A0A023NEW2,470,2,"RVT_1,RVT_thumb",RVT_1:211-382;RVT_thumb:389-451
A0A023NEW4,470,2,"RVT_1,RVT_thumb",RVT_1:211-382;RVT_thumb:389-451
A0A023NEW7,470,2,"RVT_1,RVT_thumb",RVT_1:211-382;RVT_thumb:389-451
A0A023NEW8,470,2,"RVT_1,RVT_thumb",RVT_1:211-382;RVT_thumb:389-451
A0A023NEX1,470,2,"RVT_1,RVT_thumb",RVT_1:211-382;RVT_thumb:389-451
A0A023NEX3,470,2,"RVT_1,RVT_thumb",RVT_1:211-382;RVT_thumb:389-451
A0A023NEX6,470,2,"RVT_1,RVT_thumb",RVT_1:211-382;RVT_thumb:389-451
A0A023NEX9,470,2,"RVT_1,RVT_thumb",RVT_1:211-382;RVT_thumb:389-451
A0A023NEY0,470,2,"RVT_1,RVT_thumb",RVT_1:211-382;RVT_thumb:389-451
A0A023NEY3,470,2,"RVT_1,RVT_thumb",RVT_1:211-382;RVT_thumb:389-451
A0A023NEY5,470,2,"RVT_1,RVT_thumb",RVT_1:211-382;RVT_thumb:389-451
A0A023NEY6,470,2,"RVT_1,RVT_thumb",RVT_1:211-382;RVT_thumb:389-451
A0A023NEZ0,470,2,"RVT_1,RVT_thumb",RVT_1:211-382;RVT_thumb:389-451
A0A023NEZ1,470,2,"RVT_1,RVT_thumb",RVT_1:211-382;RVT_thumb:389-451
A0A023NEZ4,470,2,"RVT_1,RVT_thumb",RVT_1:211-382;RVT_thumb:389-451
A0A023NEZ7,470,2,"RVT_1,RVT_thumb",RVT_1:211-382;RVT_thumb:389-451
A0A023NEZ8,470,2,"RVT_1,RVT_thumb",RVT_1:211-382;RVT_thumb:389-451
A0A023NF01,470,2,"RVT_1,RVT_thumb",RVT_1:211-382;RVT_thumb:389-451
A0A023NF02,470,2,"RVT_1,RVT_thumb",RVT_1:211-382;RVT_thumb:389-451
A0A023NF03,470,2,"RVT_1,RVT_thumb",RVT_1:211-382;RVT_thumb:389-451
A0A023NF05,470,2,"RVT_1,RVT_thumb",RVT_1:211-382;RVT_thumb:389-451
A0A023NF07,470,2,"RVT_1,RVT_thumb",RVT_1:211-382;RVT_thumb:389-451
A0A023NF08,470,2,"RVT_1,RVT_thumb",RVT_1:211-382;RVT_thumb:389-451
A0A023NF11,470,2,"RVT_1,RVT_thumb",RVT_1:211-382;RVT_thumb:389-451
A0A023NF13,470,2,"RVT_1,RVT_thumb",RVT_1:211-382;RVT_thumb:389-451
A0A023NF16,470,2,"RVT_1,RVT_thumb",RVT_1:211-382;RVT_thumb:389-451
A0A023NF17,470,2,"RVT_1,RVT_thumb",RVT_1:211-382;RVT_thumb:389-451
A0A023NF21,470,2,"RVT_1,RVT_thumb",RVT_1:211-382;RVT_thumb:389-451
A0A023NF22,470,2,"RVT_1,RVT_thumb",RVT_1:211-382;RVT_thumb:389-451
A0A023NF26,470,2,"RVT_1,RVT_thumb",RVT_1:211-382;RVT_thumb:389-451
A0A023NF27,470,2,"RVT_1,RVT_thumb",RVT_1:211-382;RVT_thumb:389-451
A0A023NF31,470,2,"RVT_1,RVT_thumb",RVT_1:211-382;RVT_thumb:389-451
A0A023NF33,470,2,"RVT_1,RVT_thumb",RVT_1:211-382;RVT_thumb:389-451
A0A023NF38,470,2,"RVT_1,RVT_thumb",RVT_1:211-382;RVT_thumb:389-451
A0A023NF39,470,2,"RVT_1,RVT_thumb",RVT_1:211-382;RVT_thumb:389-451
A0A023NF45,470,2,"RVT_1,RVT_thumb",RVT_1:211-382;RVT_thumb:389-451
A0A023NF50,470,2,"RVT_1,RVT_thumb",RVT_1:211-382;RVT_thumb:389-451
A0A023NF54,470,2,"RVT_1,RVT_thumb",RVT_1:211-382;RVT_thumb:389-451
A0A023NF58,470,2,"RVT_1,RVT_thumb",RVT_1:211-382;RVT_thumb:389-451
A0A023NF63,470,2,"RVT_1,RVT_thumb",RVT_1:211-382;RVT_thumb:389-451
A0A023NF68,470,2,"RVT_1,RVT_thumb",RVT_1:211-382;RVT_thumb:389-451
A0A023NF72,470,2,"RVT_1,RVT_thumb",RVT_1:211-382;RVT_thumb:389-451
A0A023NF74,470,2,"RVT_1,RVT_thumb",RVT_1:211-382;RVT_thumb:389-451
A0A023NF77,470,2,"RVT_1,RVT_thumb",RVT_1:211-382;RVT_thumb:389-451
A0A023NF80,470,2,"RVT_1,RVT_thumb",RVT_1:211-382;RVT_thumb:389-451
A0A023NF81,451,2,"RVT_1,RVT_thumb",RVT_1:192-363;RVT_thumb:370-432
A0A023NF86,470,2,"RVT_1,RVT_thumb",RVT_1:211-382;RVT_thumb:389-451
A0A023NF87,470,2,"RVT_1,RVT_thumb",RVT_1:211-382;RVT_thumb:389-451
A0A023NF91,470,2,"RVT_1,RVT_thumb",RVT_1:211-382;RVT_thumb:389-451
A0A023NF92,470,2,"RVT_1,RVT_thumb",RVT_1:211-382;RVT_thumb:389-451
A0A023NF96,470,2,"RVT_1,RVT_thumb",RVT_1:211-382;RVT_thumb:389-451
A0A023NF98,470,2,"RVT_1,RVT_thumb",RVT_1:211-382;RVT_thumb:389-451
A0A023NF99,470,2,"RVT_1,RVT_thumb",RVT_1:211-382;RVT_thumb:389-451
A0A023NFA3,470,2,"RVT_1,RVT_thumb",RVT_1:211-382;RVT_thumb:389-451
A0A023NFA4,470,2,"RVT_1,RVT_thumb",RVT_1:211-382;RVT_thumb:389-451
A0A023NFA7,477,2,"RVT_1,RVT_thumb",RVT_1:218-389;RVT_thumb:396-458
A0A023NFB1,470,2,"RVT_1,RVT_thumb",RVT_1:211-382;RVT_thumb:389-451
A0A023NFB2,470,2,"RVT_1,RVT_thumb",RVT_1:211-382;RVT_thumb:389-451
A0A023NFB5,470,2,"RVT_1,RVT_thumb",RVT_1:211-382;RVT_thumb:389-451
A0A023NFB8,470,2,"RVT_1,RVT_thumb",RVT_1:211-382;RVT_thumb:389-451
A0A023NFB9,470,2,"RVT_1,RVT_thumb",RVT_1:211-382;RVT_thumb:389-451
A0A023NFC3,470,2,"RVT_1,RVT_thumb",RVT_1:211-382;RVT_thumb:389-451
A0A023NFC5,470,2,"RVT_1,RVT_thumb",RVT_1:211-382;RVT_thumb:389-451
A0A023NFC6,470,2,"RVT_1,RVT_thumb",RVT_1:211-382;RVT_thumb:389-451
A0A023NFD0,470,2,"RVT_1,RVT_thumb",RVT_1:211-382;RVT_thumb:389-451
A0A023NFD4,463,2,"RVT_1,RVT_thumb",RVT_1:204-375;RVT_thumb:382-444
A0A023NFD5,445,2,"RVT_1,RVT_thumb",RVT_1:201-372;RVT_thumb:379-441
A0A023NFE0,470,2,"RVT_1,RVT_thumb",RVT_1:211-382;RVT_thumb:389-451
A0A023NFE3,470,2,"RVT_1,RVT_thumb",RVT_1:211-382;RVT_thumb:389-451
A0A023NFE6,470,2,"RVT_1,RVT_thumb",RVT_1:211-382;RVT_thumb:389-451
A0A023NFE7,470,2,"RVT_1,RVT_thumb",RVT_1:211-382;RVT_thumb:389-451
A0A023NFF1,470,2,"RVT_1,RVT_thumb",RVT_1:211-382;RVT_thumb:389-451
A0A023NFF4,470,2,"RVT_1,RVT_thumb",RVT_1:211-382;RVT_thumb:389-451
A0A023NFF9,470,2,"RVT_1,RVT_thumb",RVT_1:211-382;RVT_thumb:389-451
A0A023NFG4,470,2,"RVT_1,RVT_thumb",RVT_1:211-382;RVT_thumb:389-451
A0A023NFG7,470,2,"RVT_1,RVT_thumb",RVT_1:211-382;RVT_thumb:389-451
A0A023NFH2,470,2,"RVT_1,RVT_thumb",RVT_1:211-382;RVT_thumb:389-451
A0A023NFH6,470,2,"RVT_1,RVT_thumb",RVT_1:211-382;RVT_thumb:389-451
A0A023NFI0,470,2,"RVT_1,RVT_thumb",RVT_1:211-382;RVT_thumb:389-451
A0A023NFI2,470,2,"RVT_1,RVT_thumb",RVT_1:211-382;RVT_thumb:389-451
A0A023NFI6,470,2,"RVT_1,RVT_thumb",RVT_1:211-382;RVT_thumb:389-451
A0A023NFI9,470,2,"RVT_1,RVT_thumb",RVT_1:211-382;RVT_thumb:389-451
A0A023NFJ3,477,2,"RVT_1,RVT_thumb",RVT_1:218-389;RVT_thumb:396-458
A0A023NFJ7,470,2,"RVT_1,RVT_thumb",RVT_1:211-382;RVT_thumb:389-451
A0A023NFK1,470,2,"RVT_1,RVT_thumb",RVT_1:211-382;RVT_thumb:389-451
A0A023NFK5,470,2,"RVT_1,RVT_thumb",RVT_1:211-382;RVT_thumb:389-451
A0A023NFK8,470,2,"RVT_1,RVT_thumb",RVT_1:211-382;RVT_thumb:389-451
A0A023NFL1,470,2,"RVT_1,RVT_thumb",RVT_1:211-382;RVT_thumb:389-451
A0A023NFL4,470,2,"RVT_1,RVT_thumb",RVT_1:211-382;RVT_thumb:389-451
A0A023NFL5,470,2,"RVT_1,RVT_thumb",RVT_1:211-382;RVT_thumb:389-451
A0A023NFL7,470,2,"RVT_1,RVT_thumb",RVT_1:211-382;RVT_thumb:389-451
A0A023NFL9,470,2,"RVT_1,RVT_thumb",RVT_1:211-382;RVT_thumb:389-451
A0A023NFM2,457,2,"RVT_1,RVT_thumb",RVT_1:198-369;RVT_thumb:376-438
A0A023NFM5,470,2,"RVT_1,RVT_thumb",RVT_1:211-382;RVT_thumb:389-451
A0A023NFM7,470,2,"RVT_1,RVT_thumb",RVT_1:211-382;RVT_thumb:389-451
A0A023NFM9,470,2,"RVT_1,RVT_thumb",RVT_1:211-382;RVT_thumb:389-451
A0A023NFN1,470,2,"RVT_1,RVT_thumb",RVT_1:211-382;RVT_thumb:389-451
A0A023NFN3,470,2,"RVT_1,RVT_thumb",RVT_1:211-382;RVT_thumb:389-451
A0A023NFN6,470,2,"RVT_1,RVT_thumb",RVT_1:211-382;RVT_thumb:389-451
A0A023NFN7,470,2,"RVT_1,RVT_thumb",RVT_1:211-382;RVT_thumb:389-451
A0A023NFP1,470,2,"RVT_1,RVT_thumb",RVT_1:211-382;RVT_thumb:389-451
A0A023NFP3,470,2,"RVT_1,RVT_thumb",RVT_1:211-382;RVT_thumb:389-451
A0A023NFP5,470,2,"RVT_1,RVT_thumb",RVT_1:211-382;RVT_thumb:389-451
A0A023NFQ1,470,2,"RVT_1,RVT_thumb",RVT_1:211-382;RVT_thumb:389-451
A0A023NFQ6,470,2,"RVT_1,RVT_thumb",RVT_1:211-382;RVT_thumb:389-451
A0A023NFR3,470,2,"RVT_1,RVT_thumb",RVT_1:211-382;RVT_thumb:389-451
A0A023NFS0,470,2,"RVT_1,RVT_thumb",RVT_1:211-382;RVT_thumb:389-451
A0A023NFS5,470,2,"RVT_1,RVT_thumb",RVT_1:211-382;RVT_thumb:389-451
A0A023NFT1,470,2,"RVT_1,RVT_thumb",RVT_1:211-382;RVT_thumb:389-451
A0A023NFT8,470,2,"RVT_1,RVT_thumb",RVT_1:211-382;RVT_thumb:389-451
A0A023NFU3,470,2,"RVT_1,RVT_thumb",RVT_1:211-382;RVT_thumb:389-451
A0A023NFU8,464,2,"RVT_1,RVT_thumb",RVT_1:211-382;RVT_thumb:389-451
A0A023NFV5,470,2,"RVT_1,RVT_thumb",RVT_1:211-382;RVT_thumb:389-451
A0A023NFW1,470,2,"RVT_1,RVT_thumb",RVT_1:211-382;RVT_thumb:389-451
A0A023NFW7,470,2,"RVT_1,RVT_thumb",RVT_1:211-382;RVT_thumb:389-451
A0A023NFX3,470,2,"RVT_1,RVT_thumb",RVT_1:211-382;RVT_thumb:390-451
A0A023NFX8,470,2,"RVT_1,RVT_thumb",RVT_1:211-382;RVT_thumb:389-451
A0A023NFY3,470,2,"RVT_1,RVT_thumb",RVT_1:211-382;RVT_thumb:389-451
A0A023NG01,470,2,"RVT_1,RVT_thumb",RVT_1:211-382;RVT_thumb:389-451
A0A023NG11,470,2,"RVT_1,RVT_thumb",RVT_1:211-382;RVT_thumb:389-451
A0A023NG14,470,2,"RVT_1,RVT_thumb",RVT_1:211-382;RVT_thumb:389-451
A0A023NG18,470,2,"RVT_1,RVT_thumb",RVT_1:211-382;RVT_thumb:389-451
A0A023NG22,470,2,"RVT_1,RVT_thumb",RVT_1:211-382;RVT_thumb:389-451
A0A023NG23,470,2,"RVT_1,RVT_thumb",RVT_1:211-382;RVT_thumb:389-451
A0A023NG26,462,2,"RVT_1,RVT_thumb",RVT_1:203-374;RVT_thumb:381-443
A0A023NG28,470,2,"RVT_1,RVT_thumb",RVT_1:211-382;RVT_thumb:389-451
A0A023NG30,470,2,"RVT_1,RVT_thumb",RVT_1:211-382;RVT_thumb:389-451
A0A023NG31,470,2,"RVT_1,RVT_thumb",RVT_1:211-382;RVT_thumb:389-451
A0A023NG33,470,2,"RVT_1,RVT_thumb",RVT_1:211-382;RVT_thumb:389-451
A0A023NG36,470,2,"RVT_1,RVT_thumb",RVT_1:211-382;RVT_thumb:389-451
A0A023NG37,477,2,"RVT_1,RVT_thumb",RVT_1:218-389;RVT_thumb:396-458
A0A023NG41,470,2,"RVT_1,RVT_thumb",RVT_1:211-382;RVT_thumb:389-451
A0A023NG42,461,2,"RVT_1,RVT_thumb",RVT_1:202-373;RVT_thumb:380-442
A0A023NG43,470,2,"RVT_1,RVT_thumb",RVT_1:211-382;RVT_thumb:389-451
A0A023NG47,470,2,"RVT_1,RVT_thumb",RVT_1:211-382;RVT_thumb:389-451
A0A023NG48,470,2,"RVT_1,RVT_thumb",RVT_1:211-382;RVT_thumb:389-451
A0A023NG50,470,2,"RVT_1,RVT_thumb",RVT_1:211-382;RVT_thumb:389-451
A0A023NG53,470,2,"RVT_1,RVT_thumb",RVT_1:211-382;RVT_thumb:389-451
A0A023NG54,470,2,"RVT_1,RVT_thumb",RVT_1:211-382;RVT_thumb:389-451
A0A023NG55,470,2,"RVT_1,RVT_thumb",RVT_1:211-382;RVT_thumb:389-451
A0A023NG58,470,2,"RVT_1,RVT_thumb",RVT_1:211-382;RVT_thumb:389-451
A0A023NG59,470,2,"RVT_1,RVT_thumb",RVT_1:211-382;RVT_thumb:389-451
A0A023NG62,470,2,"RVT_1,RVT_thumb",RVT_1:211-382;RVT_thumb:389-451
A0A023NG64,470,2,"RVT_1,RVT_thumb",RVT_1:211-382;RVT_thumb:389-451
A0A023NG65,470,2,"RVT_1,RVT_thumb",RVT_1:211-382;RVT_thumb:389-451
A0A023NG68,470,2,"RVT_1,RVT_thumb",RVT_1:211-382;RVT_thumb:389-451
A0A023NG69,470,2,"RVT_1,RVT_thumb",RVT_1:211-382;RVT_thumb:389-451
A0A023NG72,470,2,"RVT_1,RVT_thumb",RVT_1:211-382;RVT_thumb:389-451
A0A023NG73,470,2,"RVT_1,RVT_thumb",RVT_1:211-382;RVT_thumb:389-451
A0A023NG74,470,2,"RVT_1,RVT_thumb",RVT_1:211-382;RVT_thumb:389-451
A0A023NG77,470,2,"RVT_1,RVT_thumb",RVT_1:211-382;RVT_thumb:389-451
A0A023NG80,470,2,"RVT_1,RVT_thumb",RVT_1:211-382;RVT_thumb:389-451
A0A023NG83,470,2,"RVT_1,RVT_thumb",RVT_1:211-382;RVT_thumb:389-451
A0A023NG87,462,2,"RVT_1,RVT_thumb",RVT_1:203-374;RVT_thumb:381-443
A0A023NG89,470,2,"RVT_1,RVT_thumb",RVT_1:211-382;RVT_thumb:389-451
A0A023NG94,470,2,"RVT_1,RVT_thumb",RVT_1:211-382;RVT_thumb:389-451
A0A023NG95,470,2,"RVT_1,RVT_thumb",RVT_1:211-382;RVT_thumb:389-451
A0A023NGA1,470,2,"RVT_1,RVT_thumb",RVT_1:211-382;RVT_thumb:389-451
A0A023NGA7,470,2,"RVT_1,RVT_thumb",RVT_1:211-382;RVT_thumb:389-451
A0A023NGB5,470,2,"RVT_1,RVT_thumb",RVT_1:211-382;RVT_thumb:389-451
A0A023NGC1,470,2,"RVT_1,RVT_thumb",RVT_1:211-382;RVT_thumb:389-451
A0A023NGC9,470,2,"RVT_1,RVT_thumb",RVT_1:211-382;RVT_thumb:389-451
A0A023NGD7,470,2,"RVT_1,RVT_thumb",RVT_1:211-382;RVT_thumb:389-451
A0A023NGE4,470,2,"RVT_1,RVT_thumb",RVT_1:211-382;RVT_thumb:389-451
A0A023NGG3,470,2,"RVT_1,RVT_thumb",RVT_1:211-382;RVT_thumb:389-451
A0A023NGH7,470,2,"RVT_1,RVT_thumb",RVT_1:211-382;RVT_thumb:389-451
A0A023NGI1,470,2,"RVT_1,RVT_thumb",RVT_1:211-382;RVT_thumb:389-451
A0A023NGI6,470,2,"RVT_1,RVT_thumb",RVT_1:211-382;RVT_thumb:389-451
A0A023NGJ0,470,2,"RVT_1,RVT_thumb",RVT_1:211-382;RVT_thumb:389-451
A0A023NGJ3,470,2,"RVT_1,RVT_thumb",RVT_1:211-382;RVT_thumb:389-451
A0A023NGJ6,470,2,"RVT_1,RVT_thumb",RVT_1:211-382;RVT_thumb:389-451
A0A023NGK0,470,2,"RVT_1,RVT_thumb",RVT_1:211-382;RVT_thumb:389-451
A0A023NGK3,470,2,"RVT_1,RVT_thumb",RVT_1:211-382;RVT_thumb:389-451
A0A023NGK6,470,2,"RVT_1,RVT_thumb",RVT_1:211-382;RVT_thumb:389-451
A0A023NGL1,477,2,"RVT_1,RVT_thumb",RVT_1:218-389;RVT_thumb:396-458
A0A023NGL3,470,2,"RVT_1,RVT_thumb",RVT_1:211-382;RVT_thumb:389-451
A0A023NGL6,470,2,"RVT_1,RVT_thumb",RVT_1:211-382;RVT_thumb:389-451
A0A023NGM0,470,2,"RVT_1,RVT_thumb",RVT_1:211-382;RVT_thumb:389-451
A0A023NGM5,470,2,"RVT_1,RVT_thumb",RVT_1:211-382;RVT_thumb:389-451
A0A023NGM9,470,2,"RVT_1,RVT_thumb",RVT_1:211-382;RVT_thumb:389-451
A0A023NGN4,470,2,"RVT_1,RVT_thumb",RVT_1:211-382;RVT_thumb:389-451
A0A023NGN8,476,2,"RVT_1,RVT_thumb",RVT_1:217-388;RVT_thumb:395-457
A0A023NGP3,461,2,"RVT_1,RVT_thumb",RVT_1:202-373;RVT_thumb:380-442
A0A023NGP8,470,2,"RVT_1,RVT_thumb",RVT_1:211-382;RVT_thumb:389-451
A0A023NGQ1,470,2,"RVT_1,RVT_thumb",RVT_1:211-382;RVT_thumb:389-451
A0A023NGQ7,470,2,"RVT_1,RVT_thumb",RVT_1:211-382;RVT_thumb:389-451
A0A023NGR2,470,2,"RVT_1,RVT_thumb",RVT_1:211-382;RVT_thumb:389-451
A0A023NGR7,470,2,"RVT_1,RVT_thumb",RVT_1:211-382;RVT_thumb:389-451
A0A023NGS1,470,2,"RVT_1,RVT_thumb",RVT_1:211-382;RVT_thumb:389-451
A0A023PR09,499,3,"RVT_1,RVT_thumb,RVT_connect",RVT_1:162-333;RVT_thumb:340-402;RVT_connect:417-499
A0A023PR13,499,3,"RVT_1,RVT_thumb,RVT_connect",RVT_1:162-333;RVT_thumb:340-402;RVT_connect:417-499
A0A023PR17,499,3,"RVT_1,RVT_thumb,RVT_connect",RVT_1:162-332;RVT_thumb:340-402;RVT_connect:417-498
A0A023PR18,499,3,"RVT_1,RVT_thumb,RVT_connect",RVT_1:162-333;RVT_thumb:340-402;RVT_connect:417-498
A0A023PR22,499,3,"RVT_1,RVT_thumb,RVT_connect",RVT_1:162-333;RVT_thumb:340-402;RVT_connect:417-498
A0A023PR23,499,3,"RVT_1,RVT_thumb,RVT_connect",RVT_1:162-333;RVT_thumb:340-402;RVT_connect:417-498
A0A023PR26,499,3,"RVT_1,RVT_thumb,RVT_connect",RVT_1:162-333;RVT_thumb:340-402;RVT_connect:417-498
A0A023PR28,499,3,"RVT_1,RVT_thumb,RVT_connect",RVT_1:162-333;RVT_thumb:340-402;RVT_connect:417-498
A0A023PR31,499,3,"RVT_1,RVT_thumb,RVT_connect",RVT_1:162-333;RVT_thumb:340-402;RVT_connect:417-498
A0A023PR32,499,3,"RVT_1,RVT_thumb,RVT_connect",RVT_1:162-333;RVT_thumb:341-402;RVT_connect:417-498
A0A023PR35,499,3,"RVT_1,RVT_thumb,RVT_connect",RVT_1:162-333;RVT_thumb:340-402;RVT_connect:417-498
A0A023PR41,499,3,"RVT_1,RVT_thumb,RVT_connect",RVT_1:162-333;RVT_thumb:340-402;RVT_connect:417-498
A0A023PRQ6,499,3,"RVT_1,RVT_thumb,RVT_connect",RVT_1:162-333;RVT_thumb:340-402;RVT_connect:417-498
A0A023PRR2,499,3,"RVT_1,RVT_thumb,RVT_connect",RVT_1:162-333;RVT_thumb:340-402;RVT_connect:417-498
A0A023PRR9,499,3,"RVT_1,RVT_thumb,RVT_connect",RVT_1:162-333;RVT_thumb:340-402;RVT_connect:417-499
A0A023PRS4,499,3,"RVT_1,RVT_thumb,RVT_connect",RVT_1:162-331;RVT_thumb:340-402;RVT_connect:417-498
A0A023PRT0,499,3,"RVT_1,RVT_thumb,RVT_connect",RVT_1:162-333;RVT_thumb:340-402;RVT_connect:417-498
A0A023PRT6,499,3,"RVT_1,RVT_thumb,RVT_connect",RVT_1:162-333;RVT_thumb:340-402;RVT_connect:417-498
A0A023PSM3,499,3,"RVT_1,RVT_thumb,RVT_connect",RVT_1:162-333;RVT_thumb:340-402;RVT_connect:417-498
A0A023PSN1,499,3,"RVT_1,RVT_thumb,RVT_connect",RVT_1:162-333;RVT_thumb:340-403;RVT_connect:417-498
A0A023PSN8,499,3,"RVT_1,RVT_thumb,RVT_connect",RVT_1:162-333;RVT_thumb:340-402;RVT_connect:417-498
A0A023PSP3,499,3,"RVT_1,RVT_thumb,RVT_connect",RVT_1:162-333;RVT_thumb:340-402;RVT_connect:417-498
A0A023PSP8,499,3,"RVT_1,RVT_thumb,RVT_connect",RVT_1:162-333;RVT_thumb:340-402;RVT_connect:417-498
A0A023PST7,499,3,"RVT_1,RVT_thumb,RVT_connect",RVT_1:162-333;RVT_thumb:340-402;RVT_connect:417-498
A0A023PSU4,499,3,"RVT_1,RVT_thumb,RVT_connect",RVT_1:162-333;RVT_thumb:340-402;RVT_connect:417-498
A0A023PSV1,499,3,"RVT_1,RVT_thumb,RVT_connect",RVT_1:162-333;RVT_thumb:340-402;RVT_connect:417-498
A0A023PSV9,485,3,"RVT_1,RVT_thumb,RVT_connect",RVT_1:162-333;RVT_thumb:340-402;RVT_connect:417-485
A0A023PSW5,499,3,"RVT_1,RVT_thumb,RVT_connect",RVT_1:162-333;RVT_thumb:340-402;RVT_connect:417-498
A0A023PSX2,499,3,"RVT_1,RVT_thumb,RVT_connect",RVT_1:162-333;RVT_thumb:340-402;RVT_connect:417-498
A0A023UJG1,434,2,"RVT_1,RVT_thumb",RVT_1:162-333;RVT_thumb:340-402
A0A023UJG7,434,2,"RVT_1,RVT_thumb",RVT_1:162-333;RVT_thumb:340-402
A0A023UK14,434,2,"RVT_1,RVT_thumb",RVT_1:162-333;RVT_thumb:340-402
